file,title,doi,year,venue,include,skip_reason,mixing_model,supervision,category,canonical_key,duplicate_count
A 44.3-mW 62.4-fps Hyperspectral Image Processor for Spectral Unmixing in MAV Remote Sensing.pdf,A 44.3-mW 62.4-fps Hyperspectral Image Processor for Spectral Unmixing in MAV Remote Sensing,10.1109/JSSC.2024.3456889,2025,IEEE Journal of Solid-State Circuits,yes,,mixed,mixed,survey/dataset/tool,10.1109/jssc.2024.3456889,1
A Benchmark Linear Unmixing Dataset With Spectral Variability and Ground Truth.pdf,A Benchmark Linear Unmixing Dataset With Spectral Variability and Ground Truth,10.1109/WHISPERS69515.2025.11501633,,TBD,yes,,mixed,mixed,survey/dataset/tool,10.1109/whispers69515.2025.11501633,1
A Biobjective Model-Driven Autocoder for Blind Hyperspectral Unmixing.pdf,A Biobjective Model-Driven Autocoder for Blind Hyperspectral Unmixing,10.1109/TGRS.2025.3577325,2025,IEEE Transactions on Geoscience and Remote Sensing,yes,,hybrid/unclear,blind,hybrid blind unmixing; autoencoder; attention; kernel,10.1109/tgrs.2025.3577325,2
A Detailed Analysis of Datasets Used in HSI in the Context of Mixture Models for Unmixing.pdf,A Detailed Analysis of Datasets Used in HSI in the Context of Mixture Models for Unmixing,10.1109/MERCon63886.2024.10689093,,TBD,yes,,mixed,mixed,survey/dataset/tool,10.1109/mercon63886.2024.10689093,1
A Fast Sparse NMF Optimization Algorithm for Hyperspectral Unmixing.pdf,A Fast Sparse NMF Optimization Algorithm for Hyperspectral Unmixing,10.1109/JSTARS.2023.3341583,2024,TBD,yes,,linear,blind,linear blind unmixing; NMF; sparse; attention,10.1109/jstars.2023.3341583,1
A Generalized Multiscale Bundle-Based Hyperspectral Sparse Unmixing Algorithm.pdf,A Generalized Multiscale Bundle-Based Hyperspectral Sparse Unmixing Algorithm,10.1109/LGRS.2024.3358694,2024,IEEE Geoscience and Remote Sensing Letters,yes,,linear,blind,linear blind unmixing; sparse; bundle; spectral variability; multiscale,10.1109/lgrs.2024.3358694,1
A Global-to-Local Spectral-Spatial Attention-Based Nonlinearity and Scaled Endmember Variability Parametric Learning Network for Unmixing.pdf,A Global-to-Local Spectral-Spatial Attention-Based Nonlinearity and Scaled Endmember Variability Parametric Learning Network for Unmixing,10.1109/JSTARS.2025.3584232,2025,TBD,no,related application / not core HU survey,,,,10.1109/jstars.2025.3584232,1
A Hyperspectral Unmixing Method Based on Matrix Spiral Scanning Mamba.pdf,A Hyperspectral Unmixing Method Based on Matrix Spiral Scanning Mamba,10.1109/ICAACE69793.2026.11508730,2026,2026 9th International Conference on Advanced Algorithms and Control Engineering (ICAACE),yes,,linear,blind,linear blind unmixing; Mamba; state space model; spiral scanning,10.1109/icaace69793.2026.11508730,1
A Multimodal Hyperspectral Unmixing Method Under Spectral Variability.pdf,A Multimodal Hyperspectral Unmixing Method Under Spectral Variability,10.1109/IGARSS53475.2024.10641781,,TBD,yes,,nonlinear,semi-supervised,nonlinear semi-supervised unmixing; sparse; spectral variability; attention; multimodal,10.1109/igarss53475.2024.10641781,1
A Multiscale Autoencoder Framework for Hyperspectral Unmixing.pdf,A Multiscale Autoencoder Framework for Hyperspectral Unmixing,10.1109/ICICSP66564.2025.11338376,,TBD,yes,,nonlinear,blind,nonlinear blind unmixing; autoencoder; GAN; attention; multiscale,10.1109/icicsp66564.2025.11338376,1
A Multiscale Synergistic Attention Network With Initialized Endmembers for Hyperspectral Unmixing.pdf,A Multiscale Synergistic Attention Network With Initialized Endmembers for Hyperspectral Unmixing,10.1109/LGRS.2026.3672340,2026,IEEE Geoscience and Remote Sensing Letters,yes,,linear,semi-supervised,linear semi-supervised unmixing; autoencoder; attention; multiscale,10.1109/lgrs.2026.3672340,1
A New ADMM-Based Hyperspectral Unmixing Algorithm Associated with a Linear Mixing Model Addressing Spectral Variability with a Multiplicative Structure.pdf,A New ADMM-Based Hyperspectral Unmixing Algorithm Associated with a Linear Mixing Model Addressing Spectral Variability with a Multiplicative Structure,10.1109/IGARSS53475.2024.10640925,,TBD,yes,,linear,blind,linear blind unmixing; ADMM; spectral variability,10.1109/igarss53475.2024.10640925,1
A New Dual-Feature Fusion Network for Enhanced Hyperspectral Unmixing.pdf,A New Dual-Feature Fusion Network for Enhanced Hyperspectral Unmixing,10.1109/TGRS.2024.3505292,2024,IEEE Transactions on Geoscience and Remote Sensing,yes,,linear,blind,linear blind unmixing; autoencoder,10.1109/tgrs.2024.3505292,1
A New Fast Sparse Unmixing Algorithm Based on Adaptive Spectral Library Pruning and Nesterov Optimization.pdf,A New Fast Sparse Unmixing Algorithm Based on Adaptive Spectral Library Pruning and Nesterov Optimization,10.1109/JSTARS.2025.3541257,2025,TBD,yes,,linear,semi-supervised,linear semi-supervised unmixing; sparse; graph; attention,10.1109/jstars.2025.3541257,1
A New Hyperspectral Unmixing Benchmark for Weak Signal Meat Contamination Detection.pdf,A New Hyperspectral Unmixing Benchmark for Weak Signal Meat Contamination Detection,10.1109/DICTA63115.2024.00088,,TBD,yes,,mixed,mixed,survey/dataset/tool,10.1109/dicta63115.2024.00088,1
A New Version of an Endmember-Guided Autoencoder -EGAE-V2- with Improved Architecture and Regularization by Correlation Between Ground Truths and Latent Activations.pdf,A New Version of an Endmember-Guided Autoencoder (EGAE-V2) with Improved Architecture and Regularization by Correlation Between Ground Truths and Latent Activations,10.1109/WHISPERS65427.2024.10876451,,TBD,yes,,nonlinear,semi-supervised,nonlinear semi-supervised unmixing; autoencoder; GAN,10.1109/whispers65427.2024.10876451,1
A Novel Bundle-Based Autoencoder for Hyperspectral Unmixing with Spectral Variability.pdf,A Novel Bundle-Based Autoencoder for Hyperspectral Unmixing with Spectral Variability,10.1109/IGARSS55030.2025.11242593,,TBD,yes,,nonlinear,blind,nonlinear blind unmixing; autoencoder; transformer; bundle; spectral variability,10.1109/igarss55030.2025.11242593,1
A Novel Endmember Bundle Extraction Framework for Capturing Endmember Variability by Dynamic Optimization.pdf,A Novel Endmember Bundle Extraction Framework for Capturing Endmember Variability by Dynamic Optimization,10.1109/TGRS.2024.3354046,2024,IEEE Transactions on Geoscience and Remote Sensing,yes,,linear,blind,linear blind unmixing; graph; bundle; spectral variability,10.1109/tgrs.2024.3354046,1
A Novel Hyperspectral Unmixing Approach Jointly Addressing Nonlinearity and Spectral Variability in Urban Environments.pdf,A Novel Hyperspectral Unmixing Approach Jointly Addressing Nonlinearity and Spectral Variability in Urban Environments,10.1109/IGARSS55030.2025.11243933,,TBD,yes,,nonlinear,blind,nonlinear blind unmixing; NMF; spectral variability,10.1109/igarss55030.2025.11243933,1
A Physics-Guided Diffusion Unmixing Model for Global Lunar Mineral Abundance Mapping.pdf,A Physics-Guided Diffusion Unmixing Model for Global Lunar Mineral Abundance Mapping,10.1109/JSTARS.2026.3657892,2026,TBD,yes,,nonlinear,semi-supervised,nonlinear semi-supervised unmixing; diffusion; spectral variability; Hapke,10.1109/jstars.2026.3657892,1
A Promising Contribution of Hyperspectral Unmixing for Overlapped Tissues Segmentation Using Autoencoders.pdf,A Promising Contribution of Hyperspectral Unmixing for Overlapped Tissues Segmentation Using Autoencoders,10.1109/ICABME66883.2025.11210879,,TBD,yes,,linear,blind,linear blind unmixing; autoencoder; spectral variability,10.1109/icabme66883.2025.11210879,1
A Regional Adaptive Autoencoder Network for Hyperspectral Unmixing.pdf,A Regional Adaptive Autoencoder Network for Hyperspectral Unmixing,10.1109/IAECST64597.2024.11117391,,TBD,yes,,hybrid/unclear,blind,hybrid blind unmixing; autoencoder; attention,10.1109/iaecst64597.2024.11117391,1
A Reversible Generative Network for Hyperspectral Unmixing With Spectral Variability.pdf,A Reversible Generative Network for Hyperspectral Unmixing With Spectral Variability,10.1109/TGRS.2024.3403926,2024,IEEE Transactions on Geoscience and Remote Sensing,yes,,linear,blind,linear blind unmixing; spectral variability; attention,10.1109/tgrs.2024.3403926,1
A Spatial-Spectral Component Representation Network for Fine-Grained Mineral Classification in Hyperspectral Imagery.pdf,A Spatial-Spectral Component Representation Network for Fine-Grained Mineral Classification in Hyperspectral Imagery,10.1109/JSTARS.2026.3689661,,TBD,no,related application / not core HU survey,,,,10.1109/jstars.2026.3689661,1
A Spectral Variability Attention Autoencoder Network for Hyperspectral Unmixing.pdf,A Spectral Variability Attention Autoencoder Network for Hyperspectral Unmixing,10.1109/IGARSS53475.2024.10641672,,TBD,yes,,linear,blind,linear blind unmixing; autoencoder; spectral variability; attention,10.1109/igarss53475.2024.10641672,1
A Spectral-Spatial Attention Network for Hyperspectral Unmixing.pdf,A Spectral-Spatial Attention Network for Hyperspectral Unmixing,10.1109/TGRS.2025.3576479,2025,IEEE Transactions on Geoscience and Remote Sensing,yes,,linear,blind,linear blind unmixing; autoencoder; attention,10.1109/tgrs.2025.3576479,2
A Supervised Approach for Estimating Fractional Abundances of Binary Intimate Mixtures.pdf,A Supervised Approach for Estimating Fractional Abundances of Binary Intimate Mixtures,10.1109/JSTARS.2024.3387750,2024,TBD,yes,,nonlinear,semi-supervised,nonlinear semi-supervised unmixing; spectral variability,10.1109/jstars.2024.3387750,1
A Swin Transformer-Based Hybrid U-Shape Network for Nonlinear Hyperspectral Unmixing.pdf,A Swin Transformer-Based Hybrid U-Shape Network for Nonlinear Hyperspectral Unmixing,10.1109/LGRS.2026.3681172,2026,IEEE Geoscience and Remote Sensing Letters,yes,,nonlinear,blind,nonlinear blind unmixing; transformer; attention; multiscale,10.1109/lgrs.2026.3681172,1
A Two-Step Linear Mixing Model for Unmixing Under Hyperspectral Variability.pdf,A Two-Step Linear Mixing Model for Unmixing Under Hyperspectral Variability,10.1109/IGARSS55030.2025.11243310,,TBD,yes,,linear,blind,linear blind unmixing; autoencoder; spectral variability; attention,10.1109/igarss55030.2025.11243310,1
A Two-Stream Stacked Autoencoder With Inter-Class Separability for Bilinear Hyperspectral Unmixing.pdf,A Two-Stream Stacked Autoencoder With Inter-Class Separability for Bilinear Hyperspectral Unmixing,10.1109/TCI.2024.3369410,2024,IEEE Transactions on Computational Imaging,yes,,nonlinear,blind,nonlinear blind unmixing; autoencoder; attention; multiscale; bilinear,10.1109/tci.2024.3369410,1
A hyperspectral unmixing model for local distance-weighted variation.pdf,A hyperspectral unmixing model for local distance-weighted variation,10.1109/IGARSS55030.2025.11242428,,TBD,yes,,linear,blind,linear blind unmixing; spectral variability,10.1109/igarss55030.2025.11242428,1
ACR-Net Adaptive Correlation Refined Hyperspectral Unmixing.pdf,ACR-Net: Adaptive Correlation Refined Hyperspectral Unmixing,10.1109/TGRS.2025.3581078,2025,IEEE Transactions on Geoscience and Remote Sensing,yes,,linear,blind,linear blind unmixing; graph; attention,10.1109/tgrs.2025.3581078,1
AD-HKFCM A Robust Nonlinear Spectral Variability-Aware Unmixing via Intra-Inter-Class Affinity Cohesion.pdf,AD-HKFCM: A Robust Nonlinear Spectral Variability-Aware Unmixing via Intra/Inter-Class Affinity Cohesion,10.1109/JSTARS.2026.3659984,2026,TBD,yes,,nonlinear,semi-supervised,nonlinear semi-supervised unmixing; spectral variability; kernel,10.1109/jstars.2026.3659984,1
AE-RED A Hyperspectral Unmixing Framework Powered by Deep Autoencoder and Regularization by Denoising.pdf,AE-RED: A Hyperspectral Unmixing Framework Powered by Deep Autoencoder and Regularization by Denoising,10.1109/TGRS.2024.3377472,2024,IEEE Transactions on Geoscience and Remote Sensing,yes,,nonlinear,blind,nonlinear blind unmixing; autoencoder; plug-and-play; attention,10.1109/tgrs.2024.3377472,2
AE-RED_A_Hyperspectral_Unmixing_Framework_Powered_by_Deep_Autoencoder_and_Regularization_by_Denoising.pdf,AE-RED: A Hyperspectral Unmixing Framework Powered by Deep Autoencoder and Regularization by Denoising,10.1109/TGRS.2024.3377472,2024,IEEE Transactions on Geoscience and Remote Sensing,yes,,nonlinear,blind,nonlinear blind unmixing; autoencoder; plug-and-play; attention,10.1109/tgrs.2024.3377472,2
A_Biobjective_Model-Driven_Autocoder_for_Blind_Hyperspectral_Unmixing.pdf,A Biobjective Model-Driven Autocoder for Blind Hyperspectral Unmixing,10.1109/TGRS.2025.3577325,2025,IEEE Transactions on Geoscience and Remote Sensing,yes,,hybrid/unclear,blind,hybrid blind unmixing; autoencoder; attention; kernel,10.1109/tgrs.2025.3577325,2
A_Spectral-Spatial_Attention_Network_for_Hyperspectral_Unmixing.pdf,A Spectral-Spatial Attention Network for Hyperspectral Unmixing,10.1109/TGRS.2025.3576479,2025,IEEE Transactions on Geoscience and Remote Sensing,yes,,linear,blind,linear blind unmixing; autoencoder; attention,10.1109/tgrs.2025.3576479,2
Active Hyperspectral-Based Projects at the Algerian Space Agency.pdf,Active Hyperspectral-Based Projects at the Algerian Space Agency,10.1109/M2GARSS57310.2024.10537363,,TBD,no,related application / not core HU survey,,,,10.1109/m2garss57310.2024.10537363,1
Adaptive Multiorder Graph Regularized NMF With Dual Sparsity for Hyperspectral Unmixing.pdf,Adaptive Multiorder Graph Regularized NMF With Dual Sparsity for Hyperspectral Unmixing,10.1109/JSTARS.2025.3602505,2025,TBD,yes,,linear,blind,linear blind unmixing; NMF; graph; attention,10.1109/jstars.2025.3602505,1
Adaptive Multitask Autoencoder-Based Hyperspectral Unmixing Exploiting Auxiliary Data via Graph Associations.pdf,Adaptive Multitask Autoencoder-Based Hyperspectral Unmixing Exploiting Auxiliary Data via Graph Associations,10.1109/TGRS.2025.3551119,2025,IEEE Transactions on Geoscience and Remote Sensing,yes,,linear,semi-supervised,linear semi-supervised unmixing; autoencoder; graph,10.1109/tgrs.2025.3551119,2
Adaptive_Multitask_Autoencoder-Based_Hyperspectral_Unmixing_Exploiting_Auxiliary_Data_via_Graph_Associations (2).pdf,Adaptive Multitask Autoencoder-Based Hyperspectral Unmixing Exploiting Auxiliary Data via Graph Associations (2),10.1109/TGRS.2025.3551119,2025,IEEE Transactions on Geoscience and Remote Sensing,yes,,linear,semi-supervised,linear semi-supervised unmixing; autoencoder; graph,10.1109/tgrs.2025.3551119,2
Addressing Spectral Variability in Hyperspectral Unmixing with a Novel Linear Adaptive Additive Mixing Model and an Associated ADMM-Based Approach.pdf,Addressing Spectral Variability in Hyperspectral Unmixing with a Novel Linear Adaptive Additive Mixing Model and an Associated ADMM-Based Approach,10.1109/M2GARSS57310.2024.10537424,,TBD,yes,,linear,blind,linear blind unmixing; NMF; graph; ADMM; spectral variability,10.1109/m2garss57310.2024.10537424,1
An ADMM-Based Approach Associated with a Linear Mixing Model Multiplicatively Tuned to Deal with Spectral Variability in Hyperspectral Unmixing.pdf,An ADMM-Based Approach Associated with a Linear Mixing Model Multiplicatively Tuned to Deal with Spectral Variability in Hyperspectral Unmixing,10.1109/M2GARSS57310.2024.10537495,,TBD,yes,,linear,blind,linear blind unmixing; ADMM; spectral variability,10.1109/m2garss57310.2024.10537495,1
An Abundance-Guided Attention Network for Hyperspectral Unmixing.pdf,An Abundance-Guided Attention Network for Hyperspectral Unmixing,10.1109/TGRS.2024.3353259,2024,IEEE Transactions on Geoscience and Remote Sensing,yes,,nonlinear,blind,nonlinear blind unmixing; graph; attention; kernel,10.1109/tgrs.2024.3353259,1
An Admm-Based Hyperspectral Unmixing Algorithm For A Modified Almm Addressing Spectral Variability.pdf,An Admm-Based Hyperspectral Unmixing Algorithm For A Modified Almm Addressing Spectral Variability,10.1109/M2GARSS57310.2024.10537333,,TBD,yes,,linear,blind,linear blind unmixing; NMF; ADMM; spectral variability,10.1109/m2garss57310.2024.10537333,1
An Endmember-Oriented Transformer Network for Bundle-Based Hyperspectral Unmixing.pdf,An Endmember-Oriented Transformer Network for Bundle-Based Hyperspectral Unmixing,10.1109/TGRS.2025.3530642,2025,IEEE Transactions on Geoscience and Remote Sensing,yes,,linear,blind,linear blind unmixing; autoencoder; transformer; bundle; spectral variability,10.1109/tgrs.2025.3530642,1
An Informed ADMM-Based Approach for Hyperspectral Unmixing Addressing Additively-Adapted Spectral Variability.pdf,An Informed ADMM-Based Approach for Hyperspectral Unmixing Addressing Additively-Adapted Spectral Variability,10.1109/M2GARSS57310.2024.10537402,,TBD,yes,,linear,semi-supervised,linear semi-supervised unmixing; NMF; ADMM; spectral variability,10.1109/m2garss57310.2024.10537402,1
Application of Spatio-Spectral Fusion and Sparse Unmixing for Alteration Mineral Mapping in the Eastern Tianshan- Xinjiang.pdf,"Application of Spatio-Spectral Fusion and Sparse Unmixing for Alteration Mineral Mapping in the Eastern Tianshan, Xinjiang",10.1109/WHISPERS69515.2025.11501573,,TBD,no,related application / not core HU survey,,,,10.1109/whispers69515.2025.11501573,1
Band Mask Network with Spatial-Spectral Fusion for Hyperspectral Unmixing.pdf,Band Mask Network with Spatial-Spectral Fusion for Hyperspectral Unmixing,10.1109/ICAISISAS64483.2025.11051638,,TBD,yes,,linear,blind,linear blind unmixing; graph,10.1109/icaisisas64483.2025.11051638,1
Bidirectional Recurrent Imputation and Abundance Estimation of LULC Classes With MODIS Multispectral Time-Series and Geo-Topographic and Climatic Data.pdf,Bidirectional Recurrent Imputation and Abundance Estimation of LULC Classes With MODIS Multispectral Time-Series and Geo-Topographic and Climatic Data,10.1109/JSTARS.2024.3359647,2024,TBD,yes,,linear,blind,linear blind unmixing; graph,10.1109/jstars.2024.3359647,1
Blind Unmixing Using Dispersion Model-Based Autoencoder to Address Spectral Variability.pdf,Blind Unmixing Using Dispersion Model-Based Autoencoder to Address Spectral Variability,10.1109/TGRS.2024.3399003,2024,IEEE Transactions on Geoscience and Remote Sensing,yes,,linear,blind,linear blind unmixing; autoencoder; spectral variability,10.1109/tgrs.2024.3399003,2
Blind_Unmixing_Using_Dispersion_Model-Based_Autoencoder_to_Address_Spectral_Variability.pdf,Blind Unmixing Using Dispersion Model-Based Autoencoder to Address Spectral Variability,10.1109/TGRS.2024.3399003,2024,IEEE Transactions on Geoscience and Remote Sensing,yes,,linear,blind,linear blind unmixing; autoencoder; spectral variability,10.1109/tgrs.2024.3399003,2
Bundle-Based Adaptive Dynamic PSO for Spectral Variability-Aware Endmember Extraction in Hyperspectral Imagery.pdf,Bundle-Based Adaptive Dynamic PSO for Spectral Variability-Aware Endmember Extraction in Hyperspectral Imagery,10.1109/WHISPERS69515.2025.11501580,,TBD,yes,,linear,blind,linear blind unmixing; graph; bundle; spectral variability,10.1109/whispers69515.2025.11501580,1
Combinatorial Nonnegative Matrix-Tensor Factorization for Hyperspectral Unmixing Using a General --ell _-q-- Norm Regularization.pdf,"Combinatorial Nonnegative Matrix-Tensor Factorization for Hyperspectral Unmixing Using a General <inline-formula><tex-math notation=""LaTeX"">$\ell _{q}$</tex-math></inline-formula> Norm Regularization",10.1109/JSTARS.2024.3392497,2024,TBD,yes,,linear,blind,linear blind unmixing; NMF; sparse; tensor; attention,10.1109/jstars.2024.3392497,1
Combining 4D Hyperspectral Imaging With CNN for Nerve and Ligament Differentiation.pdf,Combining 4D Hyperspectral Imaging With CNN for Nerve and Ligament Differentiation,10.1109/ISBI60581.2025.10981284,,TBD,no,related application / not core HU survey,,,,10.1109/isbi60581.2025.10981284,1
Comparative Analysis of Endmember Extraction Methods for Lithological Mapping Using Hyperspectral Imaging.pdf,Comparative Analysis of Endmember Extraction Methods for Lithological Mapping Using Hyperspectral Imaging,10.1109/MERCon63886.2024.10688782,,TBD,yes,,linear,blind,linear blind unmixing; KAN,10.1109/mercon63886.2024.10688782,1
Cycle-Consistent Sparse Unmixing Network Based on Deep Image Prior.pdf,Cycle-Consistent Sparse Unmixing Network Based on Deep Image Prior,10.1109/IGARSS53475.2024.10641125,,TBD,no,related application / not core HU survey,,,,10.1109/igarss53475.2024.10641125,1
DAAN A Deep Autoencoder-Based Augmented Network for Blind Multilinear Hyperspectral Unmixing.pdf,DAAN: A Deep Autoencoder-Based Augmented Network for Blind Multilinear Hyperspectral Unmixing,10.1109/TGRS.2024.3381632,2024,IEEE Transactions on Geoscience and Remote Sensing,yes,,nonlinear,blind,nonlinear blind unmixing; autoencoder; multilinear,10.1109/tgrs.2024.3381632,2
DAAN_A_Deep_Autoencoder-Based_Augmented_Network_for_Blind_Multilinear_Hyperspectral_Unmixing.pdf,DAAN: A Deep Autoencoder-Based Augmented Network for Blind Multilinear Hyperspectral Unmixing,10.1109/TGRS.2024.3381632,2024,IEEE Transactions on Geoscience and Remote Sensing,yes,,nonlinear,blind,nonlinear blind unmixing; autoencoder; multilinear,10.1109/tgrs.2024.3381632,2
DBNSR Hyperspectral Image Super-Resolution Based on Dual-Branch Network.pdf,DBNSR: Hyperspectral Image Super-Resolution Based on Dual-Branch Network,10.1109/TGRS.2026.3678075,2026,IEEE Transactions on Geoscience and Remote Sensing,no,related application / not core HU survey,,,,10.1109/tgrs.2026.3678075,1
DEAE Diffusion-Enhanced Autoencoder Network for Unsupervised Nonlinear Hyperspectral Unmixing.pdf,DEAE: Diffusion-Enhanced Autoencoder Network for Unsupervised Nonlinear Hyperspectral Unmixing,10.1109/TGRS.2025.3608084,2025,IEEE Transactions on Geoscience and Remote Sensing,yes,,nonlinear,blind,nonlinear blind unmixing; autoencoder; diffusion; attention; multilinear,10.1109/tgrs.2025.3608084,2
DEAE_Diffusion-Enhanced_Autoencoder_Network_for_Unsupervised_Nonlinear_Hyperspectral_Unmixing.pdf,DEAE: Diffusion-Enhanced Autoencoder Network for Unsupervised Nonlinear Hyperspectral Unmixing,10.1109/TGRS.2025.3608084,2025,IEEE Transactions on Geoscience and Remote Sensing,yes,,nonlinear,blind,nonlinear blind unmixing; autoencoder; diffusion; attention; multilinear,10.1109/tgrs.2025.3608084,2
DSFC-AE A New Hyperspectral Unmixing Method Based on Deep Shared Fully Connected Autoencoder.pdf,DSFC-AE: A New Hyperspectral Unmixing Method Based on Deep Shared Fully Connected Autoencoder,10.1109/JSTARS.2024.3450856,2024,TBD,yes,,linear,blind,linear blind unmixing; autoencoder; graph; spectral variability,10.1109/jstars.2024.3450856,1
DSSU Dual-Stage Sparse Unmixing for Asynchronous Mixed Signal of Infrared Targets.pdf,DSSU: Dual-Stage Sparse Unmixing for Asynchronous Mixed Signal of Infrared Targets,10.1109/TGRS.2024.3490539,2024,IEEE Transactions on Geoscience and Remote Sensing,yes,,linear,blind,linear blind unmixing; sparse,10.1109/tgrs.2024.3490539,1
DTU-Net A Multi-Scale Dilated Transformer Network for Nonlinear Hyperspectral Unmixing.pdf,DTU-Net: A Multi-Scale Dilated Transformer Network for Nonlinear Hyperspectral Unmixing,10.1109/TGRS.2026.3658361,2026,IEEE Transactions on Geoscience and Remote Sensing,yes,,hybrid/unclear,blind,hybrid blind unmixing; autoencoder; transformer; attention; multiscale,10.1109/tgrs.2026.3658361,1
Deep Attention-Guided Spatial-Spectral Network for Hyperspectral Image Unmixing.pdf,Deep Attention-Guided Spatial-Spectral Network for Hyperspectral Image Unmixing,10.1109/LGRS.2023.3345959,2024,IEEE Geoscience and Remote Sensing Letters,yes,,linear,blind,linear blind unmixing; autoencoder; attention,10.1109/lgrs.2023.3345959,1
Deep Diffusion Models and Unsupervised Hyperspectral Unmixing for Realistic Abundance Map Synthesis.pdf,Deep Diffusion Models and Unsupervised Hyperspectral Unmixing for Realistic Abundance Map Synthesis,10.1109/CVPRW67362.2025.00286,,TBD,yes,,linear,blind,linear blind unmixing; diffusion,10.1109/cvprw67362.2025.00286,2
Deep Learning-Based Spectral Unmixing of Low Resolution Sentinel-2 Data for Monitoring Small Rivers A Case Study at Enguri River- Georgia.pdf,"Deep Learning-Based Spectral Unmixing of Low Resolution Sentinel-2 Data for Monitoring Small Rivers: A Case Study at Enguri River, Georgia",10.1109/WHISPERS69515.2025.11501649,,TBD,no,related application / not core HU survey,,,,10.1109/whispers69515.2025.11501649,1
Deep NMF and Autoencoder A Comparative Analysis for Hyperspectral Unmixing Using Prisma Real Images.pdf,Deep NMF and Autoencoder: A Comparative Analysis for Hyperspectral Unmixing Using Prisma Real Images,10.1109/IGARSS53475.2024.10642930,,TBD,yes,,nonlinear,blind,nonlinear blind unmixing; autoencoder; NMF; low-rank,10.1109/igarss53475.2024.10642930,1
Deep_Diffusion_Models_and_Unsupervised_Hyperspectral_Unmixing_for_Realistic_Abundance_Map_Synthesis.pdf,Deep Diffusion Models and Unsupervised Hyperspectral Unmixing for Realistic Abundance Map Synthesis,10.1109/CVPRW67362.2025.00286,,TBD,yes,,linear,blind,linear blind unmixing; diffusion,10.1109/cvprw67362.2025.00286,2
Detecting Nearshore Underwater Targets With Hyperspectral Nonlinear Unmixing Autoencoder.pdf,Detecting Nearshore Underwater Targets With Hyperspectral Nonlinear Unmixing Autoencoder,10.1109/TGRS.2024.3454818,2024,IEEE Transactions on Geoscience and Remote Sensing,no,related application / not core HU survey,,,,10.1109/tgrs.2024.3454818,1
Diffusion-Model-Based Hyperspectral Unmixing Using Spectral Prior Distribution.pdf,Diffusion-Model-Based Hyperspectral Unmixing Using Spectral Prior Distribution,10.1109/TGRS.2024.3408475,2024,IEEE Transactions on Geoscience and Remote Sensing,yes,,linear,semi-supervised,linear semi-supervised unmixing; diffusion,10.1109/tgrs.2024.3408475,1
Digital Surface Model-Embedded Intrinsic Hyperspectral Unmixing.pdf,Digital Surface Model-Embedded Intrinsic Hyperspectral Unmixing,10.1109/TGRS.2025.3553823,2025,IEEE Transactions on Geoscience and Remote Sensing,yes,,linear,blind,linear blind unmixing; spectral variability,10.1109/tgrs.2025.3553823,1
Double-Weighted Spatial Low-Rank and Superpixel-Guided Adaptive Graph Laplacian Regularization for Sparse Hyperspectral Unmixing.pdf,Double-Weighted Spatial Low-Rank and Superpixel-Guided Adaptive Graph Laplacian Regularization for Sparse Hyperspectral Unmixing,10.1109/TIM.2025.3548194,2025,TBD,yes,,linear,semi-supervised,linear semi-supervised unmixing; sparse; graph; low-rank,10.1109/tim.2025.3548194,1
Dual Embedding Transformer Network for Hyperspectral Unmixing.pdf,Dual Embedding Transformer Network for Hyperspectral Unmixing,10.1109/JSTARS.2024.3523747,2025,TBD,yes,,linear,blind,linear blind unmixing; autoencoder; transformer; attention; multiscale,10.1109/jstars.2024.3523747,1
Dual-Branch Cross Weighting Network for Multimodal Hyperspectral Unmixing.pdf,Dual-Branch Cross Weighting Network for Multimodal Hyperspectral Unmixing,10.1109/LGRS.2025.3549218,2025,IEEE Geoscience and Remote Sensing Letters,yes,,linear,semi-supervised,linear semi-supervised unmixing; autoencoder; attention; multimodal,10.1109/lgrs.2025.3549218,1
EMLM-Net An Extended Multilinear Mixing Model-Inspired Dual-Stream Network for Unsupervised Nonlinear Hyperspectral Unmixing.pdf,EMLM-Net An Extended Multilinear Mixing Model-Inspired Dual-Stream Network for Unsupervised Nonlinear Hyperspectral Unmixing,10.1109/TGRS.2024.3363427,2024,IEEE Transactions on Geoscience and Remote Sensing,yes,,nonlinear,blind,nonlinear blind unmixing; autoencoder; ADMM; multilinear; unfolding,10.1109/tgrs.2024.3363427,2
EMLM-Net_An_Extended_Multilinear_Mixing_Model-Inspired_Dual-Stream_Network_for_Unsupervised_Nonlinear_Hyperspectral_Unmixing.pdf,EMLM-Net An Extended Multilinear Mixing Model-Inspired Dual-Stream Network for Unsupervised Nonlinear Hyperspectral Unmixing,10.1109/TGRS.2024.3363427,2024,IEEE Transactions on Geoscience and Remote Sensing,yes,,nonlinear,blind,nonlinear blind unmixing; autoencoder; ADMM; multilinear; unfolding,10.1109/tgrs.2024.3363427,2
Efficient Progressive Mamba Model for Hyperspectral Sequence Unmixing.pdf,Efficient Progressive Mamba Model for Hyperspectral Sequence Unmixing,10.1109/JSTARS.2025.3593442,2025,TBD,yes,,linear,blind,linear blind unmixing; transformer; Mamba,10.1109/jstars.2025.3593442,1
Endmember Distinguished Low-Rank and Sparse Representation for Hyperspectral Unmixing.pdf,Endmember Distinguished Low-Rank and Sparse Representation for Hyperspectral Unmixing,10.1109/IGARSS53475.2024.10641266,,TBD,yes,,linear,blind,linear blind unmixing; sparse; ADMM; low-rank,10.1109/igarss53475.2024.10641266,1
Endmember Independence and Bilateral Filtering Regularizations for Blind Hyperspectral Unmixing.pdf,Endmember Independence and Bilateral Filtering Regularizations for Blind Hyperspectral Unmixing,10.1109/JSTARS.2025.3605626,2025,TBD,yes,,linear,blind,linear blind unmixing; tensor,10.1109/jstars.2025.3605626,1
Endmember Variation via Swarm Intelligence Optimization for Spatially Weighted Sparse Hyperspectral Unmixing.pdf,Endmember Variation via Swarm Intelligence Optimization for Spatially Weighted Sparse Hyperspectral Unmixing,10.1109/ICVISP68610.2025.11451704,,TBD,yes,,linear,blind,linear blind unmixing; sparse; ADMM; spectral variability,10.1109/icvisp68610.2025.11451704,1
Endmember-Free Hyperspectral Unmixing.pdf,Endmember-Free Hyperspectral Unmixing,10.1109/JSTARS.2025.3605889,2025,TBD,yes,,linear,blind,linear blind unmixing,10.1109/jstars.2025.3605889,1
Endmember-Guided Spectral-Spatial Feature Diffusion for Hyperspectral Anomaly Detection.pdf,Endmember-Guided Spectral-Spatial Feature Diffusion for Hyperspectral Anomaly Detection,10.1109/TGRS.2025.3641223,2026,IEEE Transactions on Geoscience and Remote Sensing,no,related application / not core HU survey,,,,10.1109/tgrs.2025.3641223,1
Enhanced Spatial-Spectral Attention Network for Hyperspectral Image Unmixing.pdf,Enhanced Spatial-Spectral Attention Network for Hyperspectral Image Unmixing,10.1109/LGRS.2025.3551729,2025,IEEE Geoscience and Remote Sensing Letters,yes,,nonlinear,blind,nonlinear blind unmixing; autoencoder; GAN; attention; multiscale,10.1109/lgrs.2025.3551729,1
Estimating Hemoglobin Changes in Body Tissue Using Multispectral Imaging- Spectral Unmixing and Machine Learning.pdf,"Estimating Hemoglobin Changes in Body Tissue Using Multispectral Imaging, Spectral Unmixing and Machine Learning",10.1109/ACCESS.2026.3697681,2024,TBD,no,related application / not core HU survey,,,,10.1109/access.2026.3697681,1
Evaluation of Hyperspectral Unmixing Methods A Comparative Study for Very-High Spatial Resolution Hyperspectral Images.pdf,Evaluation of Hyperspectral Unmixing Methods: A Comparative Study for Very-High Spatial Resolution Hyperspectral Images,10.1109/SSIAI59505.2024.10508656,,TBD,yes,,mixed,mixed,survey/dataset/tool,10.1109/ssiai59505.2024.10508656,1
Explainable dynamic spectral unmixing.pdf,Explainable dynamic spectral unmixing,10.1109/IGARSS55030.2025.11243542,,TBD,yes,,nonlinear,blind,nonlinear blind unmixing; attention,10.1109/igarss55030.2025.11243542,1
Explicit Background Endmember Learning for Hyperspectral Anomaly Detection.pdf,Explicit Background Endmember Learning for Hyperspectral Anomaly Detection,10.1109/TIM.2024.3446609,2024,TBD,no,related application / not core HU survey,,,,10.1109/tim.2024.3446609,1
Fast Semisupervised Unmixing Using Nonconvex Optimization.pdf,Fast Semisupervised Unmixing Using Nonconvex Optimization,10.1109/TGRS.2024.3440663,2024,IEEE Transactions on Geoscience and Remote Sensing,no,not HSI/MSI unmixing-focused,,,,10.1109/tgrs.2024.3440663,1
Feedback Information-Guided Spectral Variability Attention Network for Hyperspectral Unmixing.pdf,Feedback Information-Guided Spectral Variability Attention Network for Hyperspectral Unmixing,10.1109/TGRS.2024.3452323,2024,IEEE Transactions on Geoscience and Remote Sensing,yes,,linear,blind,linear blind unmixing; autoencoder; spectral variability; attention,10.1109/tgrs.2024.3452323,1
Forward Spectral Mixture Modelling for Mineral Mapping Applications.pdf,Forward Spectral Mixture Modelling for Mineral Mapping Applications,10.1109/InGARSS61818.2024.10984204,,TBD,yes,,linear,semi-supervised,linear semi-supervised unmixing,10.1109/ingarss61818.2024.10984204,1
Frank-Wolfe Algorithm for Simplicial and Nonnegative Component Analysis.pdf,Frank-Wolfe Algorithm for Simplicial and Nonnegative Component Analysis,10.1109/SAM60225.2024.10636440,,TBD,yes,,linear,blind,linear blind unmixing; NMF,10.1109/sam60225.2024.10636440,1
Full-Mode-Augmentation Tensor-Train Rank Minimization for Hyperspectral Image Inpainting.pdf,Full-Mode-Augmentation Tensor-Train Rank Minimization for Hyperspectral Image Inpainting,10.1109/TGRS.2023.3341030,2024,IEEE Transactions on Geoscience and Remote Sensing,no,related application / not core HU survey,,,,10.1109/tgrs.2023.3341030,1
Fully Blind Hyperspectral Unmixing Without Explicit Mixing Models or Endmember Initialization.pdf,Fully Blind Hyperspectral Unmixing Without Explicit Mixing Models or Endmember Initialization,10.1109/TGRS.2026.3671829,2026,IEEE Transactions on Geoscience and Remote Sensing,yes,,nonlinear,blind,nonlinear blind unmixing; autoencoder; transformer,10.1109/tgrs.2026.3671829,1
GAN Based Non-Linear Hyperspectral Unmixing Using Patch Transformer on Chandrayaan-2 IIRS Data.pdf,GAN Based Non-Linear Hyperspectral Unmixing Using Patch Transformer on Chandrayaan-2 IIRS Data,10.1109/IGARSS55030.2025.11242941,,TBD,yes,,nonlinear,blind,nonlinear blind unmixing; autoencoder; transformer; GAN,10.1109/igarss55030.2025.11242941,1
GGCT-Net A Dual-Branch Gated Graph Convolution and Grouped Cross-Attention Transformer Network for Hyperspectral Unmixing.pdf,GGCT-Net: A Dual-Branch Gated Graph Convolution and Grouped Cross-Attention Transformer Network for Hyperspectral Unmixing,10.1109/TGRS.2026.3668181,2026,IEEE Transactions on Geoscience and Remote Sensing,yes,,linear,blind,linear blind unmixing; transformer; graph; attention,10.1109/tgrs.2026.3668181,1
Generalized Linear Mixing Model Based Environmental Monitoring Of Marine Mucilage.pdf,Generalized Linear Mixing Model Based Environmental Monitoring Of Marine Mucilage,10.1109/M2GARSS57310.2024.10537460,2021,TBD,no,related application / not core HU survey,,,,10.1109/m2garss57310.2024.10537460,1
Generating Synthetic Data to Train a Deep Unrolled Network for Hyperspectral Unmixing.pdf,Generating Synthetic Data to Train a Deep Unrolled Network for Hyperspectral Unmixing,,,TBD,yes,,linear,blind,linear blind unmixing; autoencoder; sparse,generating synthetic data to train a deep unrolled network for hyperspectral unmixing,1
Graph Laplacian Regularization and Local Collaborative Sparse Regression Based on Superpixel Segmentation for Hyperspectral Imagery.pdf,Graph Laplacian Regularization and Local Collaborative Sparse Regression Based on Superpixel Segmentation for Hyperspectral Imagery,10.1109/IGARSS53475.2024.10640874,,TBD,yes,,linear,blind,linear blind unmixing; sparse; graph; ADMM; attention,10.1109/igarss53475.2024.10640874,1
Hybrid Linear-Nonlinear Hyperspectral Unmixing of Homogeneous Solutions.pdf,Hybrid Linear-Nonlinear Hyperspectral Unmixing of Homogeneous Solutions,10.1109/ICECER65523.2025.11401230,2025,TBD,yes,,hybrid/unclear,blind,hybrid blind unmixing; NMF; bilinear,10.1109/icecer65523.2025.11401230,1
Hyperspectral Blind Unmixing Using a Double Deep Image Prior.pdf,Hyperspectral Blind Unmixing Using a Double Deep Image Prior,10.1109/TNNLS.2023.3294714,2024,IEEE Transactions on Neural Networks and Learning Systems,yes,,hybrid/unclear,blind,hybrid blind unmixing; DIP,10.1109/tnnls.2023.3294714,1
Hyperspectral Blind Unmixing via First-Order Graph-Guided Sparse Nonnegative Matrix Factorization.pdf,Hyperspectral Blind Unmixing via First-Order Graph-Guided Sparse Nonnegative Matrix Factorization,10.1109/ICVISP68610.2025.11451711,,IEEE ICIP,yes,,linear,blind,linear blind unmixing; NMF; sparse; graph,10.1109/icvisp68610.2025.11451711,2
Hyperspectral Change Detection By An Unmixing-Nmf-Based Approach Dealing With Spectral Variability.pdf,Hyperspectral Change Detection By An Unmixing-Nmf-Based Approach Dealing With Spectral Variability,10.1109/IGARSS55030.2025.11242537,,TBD,no,related application / not core HU survey,,,,10.1109/igarss55030.2025.11242537,1
Hyperspectral Image Endmember Extraction Algorithm Based on Manifold Learning and Superpixel Feature Extraction.pdf,Hyperspectral Image Endmember Extraction Algorithm Based on Manifold Learning and Superpixel Feature Extraction,10.1109/CISCE62493.2024.10653429,,TBD,yes,,nonlinear,blind,nonlinear blind unmixing,10.1109/cisce62493.2024.10653429,1
Hyperspectral Image Synthesis Through Blind Unmixing Dictionary and Deep Diffusion Models.pdf,Hyperspectral Image Synthesis Through Blind Unmixing Dictionary and Deep Diffusion Models,10.1109/LGRS.2025.3646054,2026,IEEE Geoscience and Remote Sensing Letters,yes,,linear,blind,linear blind unmixing; diffusion,10.1109/lgrs.2025.3646054,2
Hyperspectral Images Single-Source Domain Generalization Based on Nonlinear Sample Generation.pdf,Hyperspectral Images Single-Source Domain Generalization Based on Nonlinear Sample Generation,10.1109/TGRS.2024.3394435,2024,IEEE Transactions on Geoscience and Remote Sensing,no,related application / not core HU survey,,,,10.1109/tgrs.2024.3394435,1
Hyperspectral Pixel Unmixing With Latent Dirichlet Variational Autoencoder.pdf,Hyperspectral Pixel Unmixing With Latent Dirichlet Variational Autoencoder,10.1109/TGRS.2024.3357589,2024,IEEE Transactions on Geoscience and Remote Sensing,yes,,linear,semi-supervised,linear semi-supervised unmixing; autoencoder,10.1109/tgrs.2024.3357589,1
Hyperspectral Sparse Unmixing Based on Dual-Population Cooperative Optimization.pdf,Hyperspectral Sparse Unmixing Based on Dual-Population Cooperative Optimization,10.1109/LGRS.2025.3545776,2025,IEEE Geoscience and Remote Sensing Letters,yes,,linear,semi-supervised,linear semi-supervised unmixing; NMF; sparse,10.1109/lgrs.2025.3545776,1
Hyperspectral Super-Resolution Using Nonlinear Unmixing and Nonnegative Tensor Factorization.pdf,Hyperspectral Super-Resolution Using Nonlinear Unmixing and Nonnegative Tensor Factorization,,,TBD,no,related application / not core HU survey,,,,hyperspectral super resolution using nonlinear unmixing and nonnegative tensor factorization,1
Hyperspectral Unmixing Based on Chaotic Sequence Optimization of Lp Norm.pdf,Hyperspectral Unmixing Based on Chaotic Sequence Optimization of <italic>Lp</italic> Norm,10.1109/LGRS.2024.3425839,2024,IEEE Geoscience and Remote Sensing Letters,yes,,linear,blind,linear blind unmixing; NMF; sparse,10.1109/lgrs.2024.3425839,1
Hyperspectral Unmixing Based on Dual-Graph Manifold Regularization Joint Preservation of Spatial-Spectral Geometric Structure.pdf,Hyperspectral Unmixing Based on Dual-Graph Manifold Regularization: Joint Preservation of Spatial-Spectral Geometric Structure,10.1109/ICGMRS66001.2025.11065202,,TBD,yes,,linear,blind,linear blind unmixing; NMF; graph,10.1109/icgmrs66001.2025.11065202,1
Hyperspectral Unmixing Based on Multilinear Mixing Model Using Convolutional Autoencoders.pdf,Hyperspectral Unmixing Based on Multilinear Mixing Model Using Convolutional Autoencoders,10.1109/TGRS.2024.3360714,2024,IEEE Transactions on Geoscience and Remote Sensing,yes,,nonlinear,blind,nonlinear blind unmixing; autoencoder; graph; multilinear; bilinear,10.1109/tgrs.2024.3360714,2
Hyperspectral Unmixing Network Based on Hybrid Spectral Variability Model.pdf,Hyperspectral Unmixing Network Based on Hybrid Spectral Variability Model,10.1109/IGARSS55030.2025.11243760,,TBD,yes,,hybrid/unclear,blind,hybrid blind unmixing; autoencoder; NMF; sparse; spectral variability,10.1109/igarss55030.2025.11243760,1
Hyperspectral Unmixing Using -2-1 Norm-Based Robust Deep Nonnegative Matrix Factorization.pdf,"Hyperspectral Unmixing Using l<inf>2,1</inf> Norm-Based Robust Deep Nonnegative Matrix Factorization",10.1109/IGARSS55030.2025.11242377,,TBD,yes,,linear,blind,linear blind unmixing; NMF,10.1109/igarss55030.2025.11242377,1
Hyperspectral Unmixing Using Frequency-Adaptive Convolutional-Mamba Network.pdf,Hyperspectral Unmixing Using Frequency-Adaptive Convolutional-Mamba Network,10.1109/JSTARS.2026.3677880,2026,TBD,yes,,linear,blind,linear blind unmixing; Mamba; spectral variability,10.1109/jstars.2026.3677880,1
Hyperspectral Unmixing Using Nonconvex Shrinkage and Total Variation.pdf,Hyperspectral Unmixing Using Nonconvex Shrinkage and Total Variation,10.1109/ICEEE62185.2024.10779271,,TBD,yes,,linear,semi-supervised,linear semi-supervised unmixing; sparse; ADMM; GAN,10.1109/iceee62185.2024.10779271,1
Hyperspectral Unmixing Using Reweighted Unidirectional TV Low-Rank NTF With Multiple-Factor Collaboration Regularization.pdf,Hyperspectral Unmixing Using Reweighted Unidirectional TV Low-Rank NTF With Multiple-Factor Collaboration Regularization,10.1109/JSTARS.2024.3392833,2024,TBD,yes,,linear,blind,linear blind unmixing; sparse; low-rank; tensor,10.1109/jstars.2024.3392833,1
Hyperspectral Unmixing With Multi-Scale Convolution Attention Network.pdf,Hyperspectral Unmixing With Multi-Scale Convolution Attention Network,10.1109/JSTARS.2023.3335907,2024,TBD,yes,,nonlinear,blind,nonlinear blind unmixing; autoencoder; attention,10.1109/jstars.2023.3335907,1
Hyperspectral Unmixing With Row-Sparsity Enhancement A Difference-of-Convex Approach.pdf,Hyperspectral Unmixing With Row-Sparsity Enhancement: A Difference-of-Convex Approach,10.1109/APSIPAASC63619.2025.10849210,2024,TBD,yes,,linear,blind,linear blind unmixing; KAN; sparse; GAN,10.1109/apsipaasc63619.2025.10849210,1
Hyperspectral Unmixing via Multi-scale Representation by CNN-BiLSTM and Transformer Network.pdf,Hyperspectral Unmixing via Multi-scale Representation by CNN-BiLSTM and Transformer Network,10.1109/ICSIDP62679.2024.10868234,,TBD,yes,,nonlinear,blind,nonlinear blind unmixing; autoencoder; transformer; graph,10.1109/icsidp62679.2024.10868234,1
Hyperspectral Unmixing via Nonconvex Low-Rank and Weighted Sparsity Constraints.pdf,Hyperspectral Unmixing via Nonconvex Low-Rank and Weighted Sparsity Constraints,10.1109/ICVISP68610.2025.11451684,,TBD,yes,,linear,blind,linear blind unmixing; sparse; ADMM; low-rank,10.1109/icvisp68610.2025.11451684,1
Hyperspectral and Mutlispectral Image Fusion Based on Spectral Library and Sparse Unmixing to Address Spectral Variability.pdf,Hyperspectral and Mutlispectral Image Fusion Based on Spectral Library and Sparse Unmixing to Address Spectral Variability,10.1109/JURSE60372.2025.11075971,,TBD,no,related application / not core HU survey,,,,10.1109/jurse60372.2025.11075971,1
Hyperspectral_Blind_Unmixing_via_First-Order_Graph-Guided_Sparse_Nonnegative_Matrix_Factorization.pdf,Hyperspectral Blind Unmixing via First-Order Graph-Guided Sparse Nonnegative Matrix Factorization,10.1109/ICVISP68610.2025.11451711,,IEEE ICIP,yes,,linear,blind,linear blind unmixing; NMF; sparse; graph,10.1109/icvisp68610.2025.11451711,2
Hyperspectral_Image_Synthesis_Through_Blind_Unmixing_Dictionary_and_Deep_Diffusion_Models.pdf,Hyperspectral Image Synthesis Through Blind Unmixing Dictionary and Deep Diffusion Models,10.1109/LGRS.2025.3646054,2026,IEEE Geoscience and Remote Sensing Letters,yes,,linear,blind,linear blind unmixing; diffusion,10.1109/lgrs.2025.3646054,2
Hyperspectral_Unmixing_Based_on_Multilinear_Mixing_Model_Using_Convolutional_Autoencoders.pdf,Hyperspectral Unmixing Based on Multilinear Mixing Model Using Convolutional Autoencoders,10.1109/TGRS.2024.3360714,2024,IEEE Transactions on Geoscience and Remote Sensing,yes,,nonlinear,blind,nonlinear blind unmixing; autoencoder; graph; multilinear; bilinear,10.1109/tgrs.2024.3360714,2
Identifiable Solutions to Foreground Signature Extraction From Hyperspectral Images in an Intimate Mixing Scenario.pdf,Identifiable Solutions to Foreground Signature Extraction From Hyperspectral Images in an Intimate Mixing Scenario,10.1109/ICASSP40776.2020.9053456,2024,TBD,yes,,nonlinear,blind,nonlinear blind unmixing,10.1109/icassp40776.2020.9053456,1
Image Classification of Hyperspectral Images using Machine Learning.pdf,Image Classification of Hyperspectral Images using Machine Learning,10.1109/ICECCC61767.2024.10593989,,TBD,no,related application / not core HU survey,,,,10.1109/iceccc61767.2024.10593989,1
Image Processing and Machine Learning for Hyperspectral Unmixing An Overview and the HySUPP Python Package.pdf,Image Processing and Machine Learning for Hyperspectral Unmixing: An Overview and the HySUPP Python Package,10.1109/TGRS.2024.3393570,2024,IEEE Transactions on Geoscience and Remote Sensing,yes,,mixed,mixed,survey/dataset/tool,10.1109/tgrs.2024.3393570,2
Image_Processing_and_Machine_Learning_for_Hyperspectral_Unmixing_An_Overview_and_the_HySUPP_Python_Package.pdf,Image Processing and Machine Learning for Hyperspectral Unmixing: An Overview and the HySUPP Python Package,10.1109/TGRS.2024.3393570,2024,IEEE Transactions on Geoscience and Remote Sensing,yes,,mixed,mixed,survey/dataset/tool,10.1109/tgrs.2024.3393570,2
Improved Hyperspectral Unmixing Algorithm Involving the Multiplicative NMF Concept for Additive Mixing Model Dealing with Spectral Variability.pdf,Improved Hyperspectral Unmixing Algorithm Involving the Multiplicative NMF Concept for Additive Mixing Model Dealing with Spectral Variability,10.1109/IGARSS55030.2025.11243233,,TBD,yes,,linear,blind,linear blind unmixing; NMF; spectral variability,10.1109/igarss55030.2025.11243233,1
Improving Spectral Unmixing Performance by Frequency Component Reduction.pdf,Improving Spectral Unmixing Performance by Frequency Component Reduction,10.1109/WHISPERS65427.2024.10876530,,TBD,yes,,nonlinear,blind,nonlinear blind unmixing; Hapke; bilinear,10.1109/whispers65427.2024.10876530,1
Influence_of_Bidirectional_Reflectance_Distribution_Function_in_Estimating_Basic_Soil_Properties_Using_Airborne_Hyperspectral_Data.pdf,Influence of Bidirectional Reflectance Distribution Function in Estimating Basic Soil Properties Using Airborne Hyperspectral Data,10.1109/TGRS.2025.3569059,2025,IEEE Transactions on Geoscience and Remote Sensing,no,related application / not core HU survey,,,,10.1109/tgrs.2025.3569059,1
Informed NMF-Based Unmixing Method Addressing Spectral Variability for Marine Mucilage Mapping using Hyperspectral Prisma Data.pdf,Informed NMF-Based Unmixing Method Addressing Spectral Variability for Marine Mucilage Mapping using Hyperspectral Prisma Data,10.1109/IGARSS53475.2024.10640706,2021,TBD,no,related application / not core HU survey,,,,10.1109/igarss53475.2024.10640706,1
Integrating Recurrent-KAN With SAM Adapter for Blind Hyperspectral Unmixing.pdf,Integrating Recurrent-KAN With SAM Adapter for Blind Hyperspectral Unmixing,10.1109/TGRS.2025.3635216,2025,IEEE Transactions on Geoscience and Remote Sensing,yes,,linear,blind,linear blind unmixing; transformer; KAN; SAM adapter,10.1109/tgrs.2025.3635216,2
Integrating_Recurrent-KAN_With_SAM_Adapter_for_Blind_Hyperspectral_Unmixing.pdf,Integrating Recurrent-KAN With SAM Adapter for Blind Hyperspectral Unmixing,10.1109/TGRS.2025.3635216,2025,IEEE Transactions on Geoscience and Remote Sensing,yes,,linear,blind,linear blind unmixing; transformer; KAN; SAM adapter,10.1109/tgrs.2025.3635216,2
Interpretable Low-Rank Sparse Unmixing and Spatial Attention-Enhanced Difference Mapping Network for Hyperspectral Change Detection.pdf,Interpretable Low-Rank Sparse Unmixing and Spatial Attention-Enhanced Difference Mapping Network for Hyperspectral Change Detection,,2025,IEEE Transactions on Geoscience and Remote Sensing,no,related application / not core HU survey,,,,interpretable low rank sparse unmixing and spatial attention enhanced difference mapping network for hyperspectral change detection,1
Isolating Signals in Passive Non-Line-of-Sight Imaging Using Spectral Content.pdf,Isolating Signals in Passive Non-Line-of-Sight Imaging Using Spectral Content,10.1109/TPAMI.2023.3301336,2025,TBD,yes,,linear,blind,linear blind unmixing,10.1109/tpami.2023.3301336,1
Large-Scale Mapping of Soil Quality Index in Different Land Uses Using Airborne Hyperspectral Data.pdf,Large-Scale Mapping of Soil Quality Index in Different Land Uses Using Airborne Hyperspectral Data,10.1109/TGRS.2024.3360334,2024,IEEE Transactions on Geoscience and Remote Sensing,no,related application / not core HU survey,,,,10.1109/tgrs.2024.3360334,1
Large-Scale_Mapping_of_Soil_Quality_Index_in_Different_Land_Uses_Using_Airborne_Hyperspectral_Data.pdf,Large-Scale Mapping of Soil Quality Index in Different Land Uses Using Airborne Hyperspectral Data,10.1109/TGRS.2024.3360334,2024,IEEE Transactions on Geoscience and Remote Sensing,no,related application / not core HU survey,,,,10.1109/tgrs.2024.3360334,1
Leveraging Interpretable Neural Networks Trained on Spectral Libraries for Hyperspectral Mineral Classification.pdf,Leveraging Interpretable Neural Networks Trained on Spectral Libraries for Hyperspectral Mineral Classification,10.1109/IGARSS55030.2025.11313912,,TBD,no,related application / not core HU survey,,,,10.1109/igarss55030.2025.11313912,1
Linearized ADMM for Simplicial and Nonnegative Component Analyses.pdf,Linearized ADMM for Simplicial and Nonnegative Component Analyses,10.1109/IEEECONF67917.2025.11443634,,TBD,yes,,linear,blind,linear blind unmixing; NMF; ADMM,10.1109/ieeeconf67917.2025.11443634,1
Locally-Rank-One-Based Joint Unmixing and Demosaicing Methods for Snapshot Spectral Images. Part II A Filtering-Based Framework.pdf,Locally-Rank-One-Based Joint Unmixing and Demosaicing Methods for Snapshot Spectral Images. Part II: A Filtering-Based Framework,10.1109/TCI.2024.3402441,2024,IEEE Transactions on Computational Imaging,yes,,linear,blind,linear blind unmixing; low-rank,10.1109/tci.2024.3402441,1
MAT-Net_Multiscale_Aggregation_Transformer_Network_for_Hyperspectral_Unmixing.pdf,MAT-Net: Multiscale Aggregation Transformer Network for Hyperspectral Unmixing,10.1109/TGRS.2024.3494795,2024,IEEE Transactions on Geoscience and Remote Sensing,yes,,linear,blind,linear blind unmixing; transformer; attention; multiscale,10.1109/tgrs.2024.3494795,1
MFU-Net A Novel Deep Learning Framework for Unmixing Method for Sentinel-2 Imagery of Invasive Serrated Tussock -Nassella Trichotoma-.pdf,MFU-Net: A Novel Deep Learning Framework for Unmixing Method for Sentinel-2 Imagery of Invasive Serrated Tussock (Nassella Trichotoma),10.1109/IVCNZ67716.2025.11281840,2025,TBD,yes,,linear,blind,linear blind unmixing; attention,10.1109/ivcnz67716.2025.11281840,1
MS2AE-Net A Multiscale Spectral-Spatial Autoencoder Network for Hyperspectral Unmixing.pdf,MS<sup>2</sup>AE-Net: A Multiscale Spectral-Spatial Autoencoder Network for Hyperspectral Unmixing,10.1109/TGRS.2026.3662051,2026,IEEE Transactions on Geoscience and Remote Sensing,yes,,linear,blind,linear blind unmixing; autoencoder; multiscale,10.1109/tgrs.2026.3662051,1
MSCC-ViTA Multiscale Visual-Transformer Network Using Convolution Crossing Attention for Hyperspectral Unmixing.pdf,MSCC-ViT:A Multiscale Visual-Transformer Network Using Convolution Crossing Attention for Hyperspectral Unmixing,10.1109/JSTARS.2024.3465227,2024,TBD,yes,,linear,blind,linear blind unmixing; transformer; attention; multiscale,10.1109/jstars.2024.3465227,1
MSSF-Net A Multimodal Spectral-Spatial Feature Fusion Network for Hyperspectral Unmixing.pdf,MSSF-Net: A Multimodal Spectral-Spatial Feature Fusion Network for Hyperspectral Unmixing,10.1109/TGRS.2025.3563647,2025,IEEE Transactions on Geoscience and Remote Sensing,yes,,linear,semi-supervised,linear semi-supervised unmixing; autoencoder; attention; multimodal,10.1109/tgrs.2025.3563647,2
MSSF-Net_A_Multimodal_SpectralSpatial_Feature_Fusion_Network_for_Hyperspectral_Unmixing.pdf,MSSF-Net: A Multimodal Spectral-Spatial Feature Fusion Network for Hyperspectral Unmixing,10.1109/TGRS.2025.3563647,2025,IEEE Transactions on Geoscience and Remote Sensing,yes,,linear,semi-supervised,linear semi-supervised unmixing; autoencoder; attention; multimodal,10.1109/tgrs.2025.3563647,2
Mamba-Enhanced Spatial-Spectral Feature Learning for Hyperspectral Unmixing.pdf,Mamba-Enhanced Spatial-Spectral Feature Learning for Hyperspectral Unmixing,10.1109/JSTARS.2025.3598873,2025,TBD,yes,,linear,blind,linear blind unmixing; Mamba,10.1109/jstars.2025.3598873,1
Marine Mucilage Mapping Using a Partial Linear-Quadratic Hyperspectral Unmixing NMF-Based Approach.pdf,Marine Mucilage Mapping Using a Partial Linear-Quadratic Hyperspectral Unmixing NMF-Based Approach,10.1109/IGARSS55030.2025.11243385,2021,TBD,yes,,nonlinear,semi-supervised,nonlinear semi-supervised unmixing; NMF,10.1109/igarss55030.2025.11243385,1
Marine Mucilage Monitoring of the Adriatic Sea With Perturbed Linear Mixing Model.pdf,Marine Mucilage Monitoring of the Adriatic Sea With Perturbed Linear Mixing Model,10.1109/JURSE60372.2025.11076047,,TBD,no,related application / not core HU survey,,,,10.1109/jurse60372.2025.11076047,1
Maximum Correntropy-Based Kurtosis Regularization Constrained Non-negative Matrix Factorization For Hyperspectral Unmixing.pdf,Maximum Correntropy-Based Kurtosis Regularization Constrained Non-negative Matrix Factorization For Hyperspectral Unmixing,,,TBD,yes,,nonlinear,blind,nonlinear blind unmixing; NMF; sparse,maximum correntropy based kurtosis regularization constrained non negative matrix factorization for hyperspectral unmixing,1
Multi-Excitation Hyperspectral Imaging Toward Improved Lichen Identification.pdf,Multi-Excitation Hyperspectral Imaging Toward Improved Lichen Identification,10.1109/WHISPERS69515.2025.11501622,,TBD,no,not HSI/MSI unmixing-focused,,,,10.1109/whispers69515.2025.11501622,1
Multiple Endmember Extraction Using Spatial-Spectral Information.pdf,Multiple Endmember Extraction Using Spatial-Spectral Information,10.1109/SPIC62469.2024.10691535,,TBD,yes,,linear,blind,linear blind unmixing; spectral variability,10.1109/spic62469.2024.10691535,1
Multiscale Convolutional Mask Network for Hyperspectral Unmixing.pdf,Multiscale Convolutional Mask Network for Hyperspectral Unmixing,10.1109/JSTARS.2024.3352080,2024,TBD,yes,,nonlinear,blind,nonlinear blind unmixing; autoencoder; graph; spectral variability; multiscale,10.1109/jstars.2024.3352080,1
Multiscale Spatial Graph-Regularized Hierarchical Sparse Unmixing Based on the Framelet Transform.pdf,Multiscale Spatial Graph-Regularized Hierarchical Sparse Unmixing Based on the Framelet Transform,10.1109/TGRS.2025.3609968,2025,IEEE Transactions on Geoscience and Remote Sensing,yes,,linear,blind,linear blind unmixing; sparse; graph; ADMM; multiscale,10.1109/tgrs.2025.3609968,1
Mutual Incoherence and Relative Total Variation Regularizations for Blind Hyperspectral Unmixing.pdf,Mutual Incoherence and Relative Total Variation Regularizations for Blind Hyperspectral Unmixing,10.1109/TGRS.2024.3388991,2024,IEEE Transactions on Geoscience and Remote Sensing,yes,,linear,semi-supervised,linear semi-supervised unmixing; KAN; NMF; sparse,10.1109/tgrs.2024.3388991,1
Neural Architecture Search With Spatial-Spectral Attention for Higher-Order Nonlinear Hyperspectral Unmixing.pdf,Neural Architecture Search With Spatial-Spectral Attention for Higher-Order Nonlinear Hyperspectral Unmixing,10.1109/TNNLS.2026.3678170,,IEEE Transactions on Neural Networks and Learning Systems,yes,,nonlinear,blind,nonlinear blind unmixing; autoencoder; sparse; attention; multiscale,10.1109/tnnls.2026.3678170,1
Noise-to-Abundance Translation Unsupervised Hyperspectral Unmixing Based on Diffusion Models.pdf,Noise-to-Abundance Translation: Unsupervised Hyperspectral Unmixing Based on Diffusion Models,10.1109/TGRS.2025.3582029,2025,IEEE Transactions on Geoscience and Remote Sensing,yes,,linear,blind,linear blind unmixing; autoencoder; diffusion,10.1109/tgrs.2025.3582029,2
Noise-to-Abundance_Translation_Unsupervised_Hyperspectral_Unmixing_Based_on_Diffusion_Models.pdf,Noise-to-Abundance Translation: Unsupervised Hyperspectral Unmixing Based on Diffusion Models,10.1109/TGRS.2025.3582029,2025,IEEE Transactions on Geoscience and Remote Sensing,yes,,linear,blind,linear blind unmixing; autoencoder; diffusion,10.1109/tgrs.2025.3582029,2
Nonlinear Blind Hyperspectral Unmixing Via Generalized Mixing Mechanism Fitting and Endmember Constraints.pdf,Nonlinear Blind Hyperspectral Unmixing Via Generalized Mixing Mechanism Fitting and Endmember Constraints,10.1109/IGARSS55030.2025.11242663,,TBD,yes,,nonlinear,blind,nonlinear blind unmixing; autoencoder,10.1109/igarss55030.2025.11242663,1
Nonlinear Unmixing of Hyperspectral Images via Regularized Wasserstein Dictionary Learning.pdf,Nonlinear Unmixing of Hyperspectral Images via Regularized Wasserstein Dictionary Learning,10.1109/IGARSS53475.2024.10642450,,TBD,no,related application / not core HU survey,,,,10.1109/igarss53475.2024.10642450,1
Nonlinear Unmixing-Based Mucilage Monitoring in the Adriatic Sea.pdf,Nonlinear Unmixing-Based Mucilage Monitoring in the Adriatic Sea,10.1109/SIU66497.2025.11111876,2021,TBD,no,not HSI/MSI unmixing-focused,,,,10.1109/siu66497.2025.11111876,1
On the Exclusion of Hyperspectral Sources.pdf,On the Exclusion of Hyperspectral Sources,10.1109/ICASSP43922.2022.9747709,2025,TBD,yes,,linear,blind,linear blind unmixing; graph,10.1109/icassp43922.2022.9747709,1
On-the-Fly Spectral Unmixing for Real-Time Hyperspectral Data Analysis.pdf,On-the-Fly Spectral Unmixing for Real-Time Hyperspectral Data Analysis,10.1109/WHISPERS65427.2024.10876536,,TBD,yes,,linear,blind,linear blind unmixing,10.1109/whispers65427.2024.10876536,1
Optimal Transport Based Hyperspectral Unmixing for Highly Mixed Observations.pdf,Optimal Transport Based Hyperspectral Unmixing for Highly Mixed Observations,10.1109/WHISPERS65427.2024.10876524,,TBD,yes,,linear,blind,linear blind unmixing; autoencoder; NMF,10.1109/whispers65427.2024.10876524,1
Overparameterized Nonnegative Tensor Factorization for Hyperspectral Unmixing.pdf,Overparameterized Nonnegative Tensor Factorization for Hyperspectral Unmixing,10.1109/TGRS.2026.3676754,2026,IEEE Transactions on Geoscience and Remote Sensing,yes,,nonlinear,blind,nonlinear blind unmixing; low-rank; tensor,10.1109/tgrs.2026.3676754,1
PRISM Pruning for Rank-adaptive Interpretable Segmentation Model with Application to Historical Document Multiband Images.pdf,PRISM: Pruning for Rank-adaptive Interpretable Segmentation Model with Application to Historical Document Multiband Images,10.1109/ICCVW69036.2025.00780,,TBD,no,related application / not core HU survey,,,,10.1109/iccvw69036.2025.00780,1
Physics-Guided Vision Transformer Network With Tokens Complementarity for Hyperspectral Unmixing.pdf,Physics-Guided Vision Transformer Network With Tokens Complementarity for Hyperspectral Unmixing,10.1109/TGRS.2026.3676520,2026,IEEE Transactions on Geoscience and Remote Sensing,yes,,linear,blind,linear blind unmixing; transformer; tensor; unfolding,10.1109/tgrs.2026.3676520,1
Pixel-Level and Global Similarity-Based Adversarial Autoencoder Network for Hyperspectral Unmixing.pdf,Pixel-Level and Global Similarity-Based Adversarial Autoencoder Network for Hyperspectral Unmixing,10.1109/JSTARS.2025.3542228,2025,TBD,yes,,nonlinear,blind,nonlinear blind unmixing; autoencoder; transformer; GAN,10.1109/jstars.2025.3542228,1
Pixel-Wise Shuffling with Collaborative Sparsity for Melanoma Hyperspectral Image Classification.pdf,Pixel-Wise Shuffling with Collaborative Sparsity for Melanoma Hyperspectral Image Classification,10.1109/WACV61041.2025.00632,,TBD,no,related application / not core HU survey,,,,10.1109/wacv61041.2025.00632,1
Pixel-to-Abundance Translation Conditional Generative Adversarial Networks Based on Patch Transformer for Hyperspectral Unmixing.pdf,Pixel-to-Abundance Translation: Conditional Generative Adversarial Networks Based on Patch Transformer for Hyperspectral Unmixing,10.1109/JSTARS.2024.3368286,2024,TBD,yes,,linear,blind,linear blind unmixing; transformer; GAN; attention,10.1109/jstars.2024.3368286,1
Plug-and-Play Prior for Sparse Hyperspectral Image Unmixing.pdf,Plug-and-Play Prior for Sparse Hyperspectral Image Unmixing,10.1109/ICCWAMTIP64812.2024.10873727,2024,TBD,yes,,linear,blind,linear blind unmixing; sparse; ADMM; plug-and-play,10.1109/iccwamtip64812.2024.10873727,1
Preprocessing Algorithm Leveraging Geometric Modeling for Scale Correction in Hyperspectral Images for Improved Unmixing Performance.pdf,Preprocessing Algorithm Leveraging Geometric Modeling for Scale Correction in Hyperspectral Images for Improved Unmixing Performance,10.1109/JSTARS.2026.3687834,2026,TBD,yes,,linear,blind,linear blind unmixing; KAN; graph; spectral variability,10.1109/jstars.2026.3687834,1
Probabilistic Simplex Component Analysis via Variational Auto-Encoding.pdf,Probabilistic Simplex Component Analysis via Variational Auto-Encoding,10.1109/ICASSP48485.2024.10448368,,TBD,yes,,linear,blind,linear blind unmixing; GAN,10.1109/icassp48485.2024.10448368,1
Proportional Perturbation Model for Hyperspectral Unmixing Accounting for Endmember Variability.pdf,Proportional Perturbation Model for Hyperspectral Unmixing Accounting for Endmember Variability,10.1109/LGRS.2024.3350889,2024,IEEE Geoscience and Remote Sensing Letters,yes,,nonlinear,blind,nonlinear blind unmixing; spectral variability,10.1109/lgrs.2024.3350889,1
Provable Unregistered Hyperspectral-Multispectral Image Fusion via Spectral Unmixing and Adversarial Learning.pdf,Provable Unregistered Hyperspectral-Multispectral Image Fusion via Spectral Unmixing and Adversarial Learning,10.1109/ICASSP55912.2026.11460454,,TBD,no,related application / not core HU survey,,,,10.1109/icassp55912.2026.11460454,1
Qi 等 - 2023 - Multiview spatial–spectral two-stream network for hyperspectral image unmixing.pdf,Multiview Spatial-Spectral Two-Stream Network for Hyperspectral Image Unmixing,10.1109/TGRS.2023.3237556,2023,IEEE Transactions on Geoscience and Remote Sensing,yes,,linear,blind,linear blind unmixing; autoencoder; attention,10.1109/tgrs.2023.3237556,1
Quantum-Inspired Virtual Prism for Multispectral Unmixing.pdf,Quantum-Inspired Virtual Prism for Multispectral Unmixing,10.1109/IGARSS55030.2025.11244014,,TBD,no,related application / not core HU survey,,,,10.1109/igarss55030.2025.11244014,1
REDU-Net Robust and Efficient Dynamic Unfolding Network for Abundance Estimation.pdf,REDU-Net: Robust and Efficient Dynamic Unfolding Network for Abundance Estimation,10.1109/TGRS.2025.3540378,2025,IEEE Transactions on Geoscience and Remote Sensing,yes,,linear,blind,linear blind unmixing; GAN; attention; unfolding,10.1109/tgrs.2025.3540378,1
Refined Tokens Vision Transformer Network for Hyperspectral Image Unmixing.pdf,Refined Tokens Vision Transformer Network for Hyperspectral Image Unmixing,10.1109/IGARSS55030.2025.11243764,,TBD,yes,,nonlinear,blind,nonlinear blind unmixing; transformer,10.1109/igarss55030.2025.11243764,1
Robust Blind Linear Unmixing for Correlated Multimodal Images in Medical Applications.pdf,Robust Blind Linear Unmixing for Correlated Multimodal Images in Medical Applications,10.1109/URUCON63440.2024.10850209,,TBD,yes,,nonlinear,semi-supervised,nonlinear semi-supervised unmixing; sparse; graph; multimodal,10.1109/urucon63440.2024.10850209,1
Robust Multiscale Spectral-Spatial Regularized Sparse Unmixing for Hyperspectral Imagery.pdf,Robust Multiscale Spectral-Spatial Regularized Sparse Unmixing for Hyperspectral Imagery,10.1109/JSTARS.2023.3337130,2024,TBD,yes,,linear,blind,linear blind unmixing; sparse; multiscale,10.1109/jstars.2023.3337130,1
Robust Sparse Unmixing via Continuous Mixed Norm to Address Mixed Noise.pdf,Robust Sparse Unmixing via Continuous Mixed Norm to Address Mixed Noise,10.1109/LGRS.2025.3548697,2025,IEEE Geoscience and Remote Sensing Letters,yes,,nonlinear,semi-supervised,nonlinear semi-supervised unmixing; sparse; ADMM; attention,10.1109/lgrs.2025.3548697,1
Robust and Unified Semi-Supervised Unmixing of Hyperspectral Imaging for Linear and Multilinear Models.pdf,Robust and Unified Semi-Supervised Unmixing of Hyperspectral Imaging for Linear and Multilinear Models,,2025,TBD,yes,,hybrid/unclear,semi-supervised,hybrid semi-supervised unmixing; multilinear,robust and unified semi supervised unmixing of hyperspectral imaging for linear and multilinear models,1
SSLT-Net A Spatial-Spectral Linear Transformer Unmixing Network for Hyperspectral Image.pdf,SSLT-Net: A Spatial-Spectral Linear Transformer Unmixing Network for Hyperspectral Image,10.1109/LGRS.2024.3514888,2025,IEEE Geoscience and Remote Sensing Letters,yes,,linear,blind,linear blind unmixing; transformer; attention; multiscale,10.1109/lgrs.2024.3514888,1
SSST-GAN A Sampling-Based Spatial-Spectral Transformer and Generative Adversarial Network for Hyperspectral Unmixing.pdf,SSST-GAN: A Sampling-Based Spatial-Spectral Transformer and Generative Adversarial Network for Hyperspectral Unmixing,10.1109/JSTARS.2026.3655512,2026,TBD,yes,,nonlinear,blind,nonlinear blind unmixing; transformer; sparse; GAN; attention,10.1109/jstars.2026.3655512,1
SVHAE Spectral Variability-Aware Hybrid Autoencoder for Hyperspectral Underwater Target Detection.pdf,SVHAE: Spectral Variability-Aware Hybrid Autoencoder for Hyperspectral Underwater Target Detection,,2025,TBD,no,related application / not core HU survey,,,,svhae spectral variability aware hybrid autoencoder for hyperspectral underwater target detection,1
Semi-NMF Regularization-Based Autoencoder Training for Hyperspectral Unmixing.pdf,Semi-NMF Regularization-Based Autoencoder Training for Hyperspectral Unmixing,10.1109/NCC60321.2024.10485752,,TBD,yes,,nonlinear,blind,nonlinear blind unmixing; autoencoder; NMF,10.1109/ncc60321.2024.10485752,1
SpACNN-LDVAE Spatial Attention Convolutional Latent Dirichlet Variational Autoencoder for Hyperspectral Pixel Unmixing.pdf,SpACNN-LDVAE: Spatial Attention Convolutional Latent Dirichlet Variational Autoencoder for Hyperspectral Pixel Unmixing,10.1109/IGARSS53475.2024.10640940,,TBD,yes,,linear,blind,linear blind unmixing; autoencoder; NMF; attention,10.1109/igarss53475.2024.10640940,1
Sparse Coding Inspired GAN for Hyperspectral Unmixing.pdf,Sparse Coding Inspired GAN for Hyperspectral Unmixing,10.1109/WHISPERS65427.2024.10876499,,TBD,yes,,nonlinear,blind,nonlinear blind unmixing; sparse; GAN,10.1109/whispers65427.2024.10876499,1
Sparse Regularization-Based Unmixing Methods for Photoacoustic Image Analysis.pdf,Sparse Regularization-Based Unmixing Methods for Photoacoustic Image Analysis,10.1109/ICIPMC62364.2024.10586605,,TBD,no,not HSI/MSI unmixing-focused,,,,10.1109/icipmc62364.2024.10586605,1
Sparse Unmixing with Dictionary-Based Spatial-Spectral Low-Rank Decomposition for Hyperspectral Anomaly Detection.pdf,Sparse Unmixing with Dictionary-Based Spatial-Spectral Low-Rank Decomposition for Hyperspectral Anomaly Detection,10.1109/ICVISP68610.2025.11451748,,TBD,no,related application / not core HU survey,,,,10.1109/icvisp68610.2025.11451748,1
Sparsity and Total Variation Constrained Multilayer Linear Unmixing for Hyperspectral Imagery.pdf,Sparsity and Total Variation Constrained Multilayer Linear Unmixing for Hyperspectral Imagery,10.1109/ICET64964.2025.11103336,,TBD,yes,,linear,semi-supervised,linear semi-supervised unmixing; NMF; sparse; graph; ADMM,10.1109/icet64964.2025.11103336,1
Spatial-Spectral Twin Autoencoders for Hyperspectral Unmixing Via Superpixel-Hypergraph-Augmented Feature Representation.pdf,Spatial-Spectral Twin Autoencoders for Hyperspectral Unmixing Via Superpixel-Hypergraph-Augmented Feature Representation,10.1109/IGARSS53475.2024.10642904,,TBD,yes,,hybrid/unclear,blind,hybrid blind unmixing; autoencoder; sparse; graph; Hapke,10.1109/igarss53475.2024.10642904,1
Specific Spectral Target Detection for Multispectral Images via Target-Focused Spectral Super-Resolution.pdf,Specific Spectral Target Detection for Multispectral Images via Target-Focused Spectral Super-Resolution,10.1109/JSTARS.2025.3547347,2025,TBD,no,related application / not core HU survey,,,,10.1109/jstars.2025.3547347,1
SpectraMorph Structured Latent Learning for Self-Supervised Hyperspectral Super-Resolution.pdf,SpectraMorph: Structured Latent Learning for Self-Supervised Hyperspectral Super-Resolution,10.1109/ICASSP55912.2026.11461602,,TBD,no,related application / not core HU survey,,,,10.1109/icassp55912.2026.11461602,1
Spectral Fidelity Aware Hyperspectral Image Denoising via Unsupervised Triple Attention with Endmember Preservation.pdf,Spectral Fidelity Aware Hyperspectral Image Denoising via Unsupervised Triple Attention with Endmember Preservation,10.1109/WHISPERS69515.2025.11501619,,TBD,no,related application / not core HU survey,,,,10.1109/whispers69515.2025.11501619,1
Spectral Unmixing - Deep Learning for Pixel-wise Classification of Placental Multispectral Images.pdf,Spectral Unmixing + Deep Learning for Pixel-wise Classification of Placental Multispectral Images,10.1109/LA-CCI66231.2025.11270452,2025,TBD,no,related application / not core HU survey,,,,10.1109/la-cci66231.2025.11270452,1
Spectral Unmixing for Bare Soil Detection A Step Toward Soil Organic Carbon Estimation.pdf,Spectral Unmixing for Bare Soil Detection: A Step Toward Soil Organic Carbon Estimation,10.1109/MIGARS67156.2025.11231939,,TBD,no,related application / not core HU survey,,,,10.1109/migars67156.2025.11231939,1
Spectral Unmixing for Identification of Colorants in Candies Using Hyperspectral Imaging.pdf,Spectral Unmixing for Identification of Colorants in Candies Using Hyperspectral Imaging,10.1109/I5CPS67958.2026.11452578,2026,TBD,no,related application / not core HU survey,,,,10.1109/i5cps67958.2026.11452578,1
Spectral Variability Augmented Multilinear Mixing Model for Hyperspectral Nonlinear Unmixing.pdf,Spectral Variability Augmented Multilinear Mixing Model for Hyperspectral Nonlinear Unmixing,10.1109/LGRS.2024.3482103,2024,IEEE Geoscience and Remote Sensing Letters,yes,,nonlinear,blind,nonlinear blind unmixing; sparse; spectral variability; low-rank; multilinear,10.1109/lgrs.2024.3482103,1
Spectral Variability-Aware Cascaded Autoencoder for Hyperspectral Unmixing.pdf,Spectral Variability-Aware Cascaded Autoencoder for Hyperspectral Unmixing,10.1109/TGRS.2025.3543566,2025,IEEE Transactions on Geoscience and Remote Sensing,yes,,linear,blind,linear blind unmixing; autoencoder; spectral variability,10.1109/tgrs.2025.3543566,1
Stationary Wavelet Convolutional Network With Generative Feature Learning for Hyperspectral Unmixing.pdf,Stationary Wavelet Convolutional Network With Generative Feature Learning for Hyperspectral Unmixing,10.1109/TGRS.2024.3516114,2025,IEEE Transactions on Geoscience and Remote Sensing,yes,,linear,blind,linear blind unmixing; graph,10.1109/tgrs.2024.3516114,1
Structure Low-Rank and Self-Representation Learning for Hyperspectral Nonlinear Unmixing.pdf,Structure Low-Rank and Self-Representation Learning for Hyperspectral Nonlinear Unmixing,10.1109/IGARSS55030.2025.11242895,,TBD,yes,,nonlinear,blind,nonlinear blind unmixing; NMF; sparse; low-rank,10.1109/igarss55030.2025.11242895,1
SuperRPCA A Collaborative Superpixel Representation Prior-Aided RPCA for Hyperspectral Anomaly Detection.pdf,SuperRPCA: A Collaborative Superpixel Representation Prior-Aided RPCA for Hyperspectral Anomaly Detection,10.1109/TGRS.2024.3459956,2024,IEEE Transactions on Geoscience and Remote Sensing,no,not HSI/MSI unmixing-focused,,,,10.1109/tgrs.2024.3459956,1
Superpixel-Based Autoencoder-Like Nonnegative Tensor Factorization for Hyperspectral Unmixing.pdf,Superpixel-Based Autoencoder-Like Nonnegative Tensor Factorization for Hyperspectral Unmixing,,2025,IEEE Transactions on Geoscience and Remote Sensing,yes,,linear,blind,linear blind unmixing; autoencoder; NMF; spectral variability; low-rank,superpixel based autoencoder like nonnegative tensor factorization for hyperspectral unmixing,1
Superpixel-Based Low-Rank Tensor Factorization for Blind Nonlinear Hyperspectral Unmixing.pdf,Superpixel-Based Low-Rank Tensor Factorization for Blind Nonlinear Hyperspectral Unmixing,10.1109/JSEN.2024.3373477,2024,TBD,yes,,nonlinear,blind,nonlinear blind unmixing; spectral variability; low-rank; tensor; multilinear,10.1109/jsen.2024.3373477,1
Superpixel-Guided Matrix-Valued Kernel Functions for Multiscale Nonlinear Hyperspectral Unmixing.pdf,Superpixel-Guided Matrix-Valued Kernel Functions for Multiscale Nonlinear Hyperspectral Unmixing,10.1109/JSTARS.2025.3630142,2026,TBD,yes,,nonlinear,blind,nonlinear blind unmixing; sparse; multiscale; kernel,10.1109/jstars.2025.3630142,1
Synthesis of Abundance Maps Through Blind Hyperspectral Unmixing and Deep Diffusion Models.pdf,Synthesis of Abundance Maps Through Blind Hyperspectral Unmixing and Deep Diffusion Models,10.1109/IGARSS55030.2025.11243836,,TBD,yes,,linear,blind,linear blind unmixing; diffusion,10.1109/igarss55030.2025.11243836,1
Theoretical and Practical Progress in Hyperspectral Pixel Unmixing with Large Spectral Libraries from a Sparse Perspective.pdf,Theoretical and Practical Progress in Hyperspectral Pixel Unmixing with Large Spectral Libraries from a Sparse Perspective,10.1109/WHISPERS65427.2024.10876427,,TBD,yes,,nonlinear,semi-supervised,nonlinear semi-supervised unmixing; sparse,10.1109/whispers65427.2024.10876427,1
Toward Robust Hyperspectral Unmixing Mixed Noise Modeling and Image-Domain Regularization.pdf,Toward Robust Hyperspectral Unmixing: Mixed Noise Modeling and Image-Domain Regularization,10.1109/JSTARS.2024.3379558,2024,TBD,yes,,linear,blind,linear blind unmixing; sparse; GAN,10.1109/jstars.2024.3379558,1
Transformer for Multitemporal Hyperspectral Image Unmixing.pdf,Transformer for Multitemporal Hyperspectral Image Unmixing,,2025,TBD,yes,,linear,blind,linear blind unmixing; transformer; attention,transformer for multitemporal hyperspectral image unmixing,1
Transformer-Enhanced CNN Based on Intensive Feature for Hyperspectral Unmixing.pdf,Transformer-Enhanced CNN Based on Intensive Feature for Hyperspectral Unmixing,10.1109/LGRS.2024.3485899,2024,IEEE Geoscience and Remote Sensing Letters,yes,,linear,blind,linear blind unmixing; autoencoder; transformer; sparse; GAN,10.1109/lgrs.2024.3485899,1
Two-Stage Evolutionary Algorithm Based on Subspace Specified Searching for Hyperspectral Endmember Extraction.pdf,Two-Stage Evolutionary Algorithm Based on Subspace Specified Searching for Hyperspectral Endmember Extraction,10.1109/JSTARS.2023.3333955,2024,TBD,yes,,linear,blind,linear blind unmixing; graph,10.1109/jstars.2023.3333955,1
Two-Stream Autoencoder-Based Hyperspectral Unmixing using Hapke Model.pdf,Two-Stream Autoencoder-Based Hyperspectral Unmixing using Hapke Model,10.1109/IGARSS53475.2024.10640399,,TBD,yes,,nonlinear,blind,nonlinear blind unmixing; autoencoder; Hapke; bilinear,10.1109/igarss53475.2024.10640399,1
UADNet A Joint Unmixing and Anomaly Detection Network Based on Deep Clustering for Hyperspectral Image.pdf,UADNet: A Joint Unmixing and Anomaly Detection Network Based on Deep Clustering for Hyperspectral Image,10.1109/TGRS.2024.3375934,2024,IEEE Transactions on Geoscience and Remote Sensing,no,related application / not core HU survey,,,,10.1109/tgrs.2024.3375934,1
UNMamba Cascaded Spatial-Spectral Mamba for Blind Hyperspectral Unmixing.pdf,UNMamba: Cascaded Spatial-Spectral Mamba for Blind Hyperspectral Unmixing,10.1109/LGRS.2025.3545505,2025,IEEE Geoscience and Remote Sensing Letters,yes,,linear,blind,linear blind unmixing; Mamba,10.1109/lgrs.2025.3545505,1
URDM Hyperspectral Unmixing Regularized by Diffusion Models.pdf,URDM: Hyperspectral Unmixing Regularized by Diffusion Models,10.1109/TIP.2025.3638151,2025,TBD,yes,,linear,blind,linear blind unmixing; diffusion; graph; ADMM,10.1109/tip.2025.3638151,1
Unidirectional Local-Attention Autoencoder Network for Spectral Variability Unmixing.pdf,Unidirectional Local-Attention Autoencoder Network for Spectral Variability Unmixing,10.1109/TGRS.2024.3375598,2024,IEEE Transactions on Geoscience and Remote Sensing,yes,,linear,blind,linear blind unmixing; autoencoder; spectral variability; GAN; attention,10.1109/tgrs.2024.3375598,2
Unidirectional_Local-Attention_Autoencoder_Network_for_Spectral_Variability_Unmixing.pdf,Unidirectional Local-Attention Autoencoder Network for Spectral Variability Unmixing,10.1109/TGRS.2024.3375598,2024,IEEE Transactions on Geoscience and Remote Sensing,yes,,linear,blind,linear blind unmixing; autoencoder; spectral variability; GAN; attention,10.1109/tgrs.2024.3375598,2
Unified Unsupervised Unmixing With Sparse Noise Estimation for Linear and Multilinear Models.pdf,Unified Unsupervised Unmixing With Sparse Noise Estimation for Linear and Multilinear Models,10.1109/LSP,2025,TBD,no,not HSI/MSI unmixing-focused,,,,10.1109/lsp,1
UnmixDiff_Unmixing-Based_Diffusion_Model_for_Hyperspectral_Image_Synthesis.pdf,UnmixDiff: Unmixing-Based Diffusion Model for Hyperspectral Image Synthesis,10.1109/TGRS.2024.3425517,2024,IEEE Transactions on Geoscience and Remote Sensing,yes,,linear,blind,linear blind unmixing; autoencoder; diffusion,10.1109/tgrs.2024.3425517,1
Unmixing Before Fusion A Generalized Paradigm for Multi-Source-Based Hyperspectral Image Synthesis.pdf,Unmixing Before Fusion: A Generalized Paradigm for Multi-Source-Based Hyperspectral Image Synthesis,10.1109/CVPR52733.2024.00888,,TBD,yes,,linear,blind,linear blind unmixing,10.1109/cvpr52733.2024.00888,1
Unrolling_Plug-and-Play_Network_for_Hyperspectral_Unmixing.pdf,Unrolling Plug-and-Play Network for Hyperspectral Unmixing,10.1109/TGRS.2025.3540992,2025,IEEE Transactions on Geoscience and Remote Sensing,yes,,linear,blind,linear blind unmixing; ADMM; plug-and-play; attention; multiscale,10.1109/tgrs.2025.3540992,1
Unsupervised Nonlinear Hyperspectral Unmixing Based on an Extended Multilinear Mixing Model-Inspired Dual-Stream Network.pdf,Unsupervised Nonlinear Hyperspectral Unmixing Based on an Extended Multilinear Mixing Model-Inspired Dual-Stream Network,10.1109/IGARSS53475.2024.10641679,,TBD,yes,,nonlinear,blind,nonlinear blind unmixing; autoencoder; ADMM; multilinear; bilinear,10.1109/igarss53475.2024.10641679,1
Updated Homogeneity Criteria Based Low-Dimensional Representation for Hyperspectral Unmixing.pdf,Updated Homogeneity Criteria Based Low-Dimensional Representation for Hyperspectral Unmixing,,2025,TBD,yes,,linear,blind,linear blind unmixing; NMF,updated homogeneity criteria based low dimensional representation for hyperspectral unmixing,1
Urban Vegetation Mapping with Hyperspectral Prisma Data through an Original NMF-Based Unmixing Algorithm Associated with the Augmented Linear Mixing Model Addressing Spectral Variability.pdf,Urban Vegetation Mapping with Hyperspectral Prisma Data through an Original NMF-Based Unmixing Algorithm Associated with the Augmented Linear Mixing Model Addressing Spectral Variability,10.1109/IGARSS55030.2025.11242884,,TBD,no,related application / not core HU survey,,,,10.1109/igarss55030.2025.11242884,1
