file,title,doi,reason
A Global-to-Local Spectral-Spatial Attention-Based Nonlinearity and Scaled Endmember Variability Parametric Learning Network for Unmixing.pdf,A Global-to-Local Spectral-Spatial Attention-Based Nonlinearity and Scaled Endmember Variability Parametric Learning Network for Unmixing,10.1109/JSTARS.2025.3584232,related application / not core HU survey
A Spatial-Spectral Component Representation Network for Fine-Grained Mineral Classification in Hyperspectral Imagery.pdf,A Spatial-Spectral Component Representation Network for Fine-Grained Mineral Classification in Hyperspectral Imagery,10.1109/JSTARS.2026.3689661,related application / not core HU survey
Active Hyperspectral-Based Projects at the Algerian Space Agency.pdf,Active Hyperspectral-Based Projects at the Algerian Space Agency,10.1109/M2GARSS57310.2024.10537363,related application / not core HU survey
Application of Spatio-Spectral Fusion and Sparse Unmixing for Alteration Mineral Mapping in the Eastern Tianshan- Xinjiang.pdf,"Application of Spatio-Spectral Fusion and Sparse Unmixing for Alteration Mineral Mapping in the Eastern Tianshan, Xinjiang",10.1109/WHISPERS69515.2025.11501573,related application / not core HU survey
Combining 4D Hyperspectral Imaging With CNN for Nerve and Ligament Differentiation.pdf,Combining 4D Hyperspectral Imaging With CNN for Nerve and Ligament Differentiation,10.1109/ISBI60581.2025.10981284,related application / not core HU survey
Cycle-Consistent Sparse Unmixing Network Based on Deep Image Prior.pdf,Cycle-Consistent Sparse Unmixing Network Based on Deep Image Prior,10.1109/IGARSS53475.2024.10641125,related application / not core HU survey
DBNSR Hyperspectral Image Super-Resolution Based on Dual-Branch Network.pdf,DBNSR: Hyperspectral Image Super-Resolution Based on Dual-Branch Network,10.1109/TGRS.2026.3678075,related application / not core HU survey
Deep Learning-Based Spectral Unmixing of Low Resolution Sentinel-2 Data for Monitoring Small Rivers A Case Study at Enguri River- Georgia.pdf,"Deep Learning-Based Spectral Unmixing of Low Resolution Sentinel-2 Data for Monitoring Small Rivers: A Case Study at Enguri River, Georgia",10.1109/WHISPERS69515.2025.11501649,related application / not core HU survey
Detecting Nearshore Underwater Targets With Hyperspectral Nonlinear Unmixing Autoencoder.pdf,Detecting Nearshore Underwater Targets With Hyperspectral Nonlinear Unmixing Autoencoder,10.1109/TGRS.2024.3454818,related application / not core HU survey
Endmember-Guided Spectral-Spatial Feature Diffusion for Hyperspectral Anomaly Detection.pdf,Endmember-Guided Spectral-Spatial Feature Diffusion for Hyperspectral Anomaly Detection,10.1109/TGRS.2025.3641223,related application / not core HU survey
Estimating Hemoglobin Changes in Body Tissue Using Multispectral Imaging- Spectral Unmixing and Machine Learning.pdf,"Estimating Hemoglobin Changes in Body Tissue Using Multispectral Imaging, Spectral Unmixing and Machine Learning",10.1109/ACCESS.2026.3697681,related application / not core HU survey
Explicit Background Endmember Learning for Hyperspectral Anomaly Detection.pdf,Explicit Background Endmember Learning for Hyperspectral Anomaly Detection,10.1109/TIM.2024.3446609,related application / not core HU survey
Full-Mode-Augmentation Tensor-Train Rank Minimization for Hyperspectral Image Inpainting.pdf,Full-Mode-Augmentation Tensor-Train Rank Minimization for Hyperspectral Image Inpainting,10.1109/TGRS.2023.3341030,related application / not core HU survey
Generalized Linear Mixing Model Based Environmental Monitoring Of Marine Mucilage.pdf,Generalized Linear Mixing Model Based Environmental Monitoring Of Marine Mucilage,10.1109/M2GARSS57310.2024.10537460,related application / not core HU survey
Hyperspectral Change Detection By An Unmixing-Nmf-Based Approach Dealing With Spectral Variability.pdf,Hyperspectral Change Detection By An Unmixing-Nmf-Based Approach Dealing With Spectral Variability,10.1109/IGARSS55030.2025.11242537,related application / not core HU survey
Hyperspectral Images Single-Source Domain Generalization Based on Nonlinear Sample Generation.pdf,Hyperspectral Images Single-Source Domain Generalization Based on Nonlinear Sample Generation,10.1109/TGRS.2024.3394435,related application / not core HU survey
Hyperspectral Super-Resolution Using Nonlinear Unmixing and Nonnegative Tensor Factorization.pdf,Hyperspectral Super-Resolution Using Nonlinear Unmixing and Nonnegative Tensor Factorization,,related application / not core HU survey
Hyperspectral and Mutlispectral Image Fusion Based on Spectral Library and Sparse Unmixing to Address Spectral Variability.pdf,Hyperspectral and Mutlispectral Image Fusion Based on Spectral Library and Sparse Unmixing to Address Spectral Variability,10.1109/JURSE60372.2025.11075971,related application / not core HU survey
Image Classification of Hyperspectral Images using Machine Learning.pdf,Image Classification of Hyperspectral Images using Machine Learning,10.1109/ICECCC61767.2024.10593989,related application / not core HU survey
Influence_of_Bidirectional_Reflectance_Distribution_Function_in_Estimating_Basic_Soil_Properties_Using_Airborne_Hyperspectral_Data.pdf,Influence of Bidirectional Reflectance Distribution Function in Estimating Basic Soil Properties Using Airborne Hyperspectral Data,10.1109/TGRS.2025.3569059,related application / not core HU survey
Informed NMF-Based Unmixing Method Addressing Spectral Variability for Marine Mucilage Mapping using Hyperspectral Prisma Data.pdf,Informed NMF-Based Unmixing Method Addressing Spectral Variability for Marine Mucilage Mapping using Hyperspectral Prisma Data,10.1109/IGARSS53475.2024.10640706,related application / not core HU survey
Interpretable Low-Rank Sparse Unmixing and Spatial Attention-Enhanced Difference Mapping Network for Hyperspectral Change Detection.pdf,Interpretable Low-Rank Sparse Unmixing and Spatial Attention-Enhanced Difference Mapping Network for Hyperspectral Change Detection,,related application / not core HU survey
Large-Scale Mapping of Soil Quality Index in Different Land Uses Using Airborne Hyperspectral Data.pdf,Large-Scale Mapping of Soil Quality Index in Different Land Uses Using Airborne Hyperspectral Data,10.1109/TGRS.2024.3360334,related application / not core HU survey
Leveraging Interpretable Neural Networks Trained on Spectral Libraries for Hyperspectral Mineral Classification.pdf,Leveraging Interpretable Neural Networks Trained on Spectral Libraries for Hyperspectral Mineral Classification,10.1109/IGARSS55030.2025.11313912,related application / not core HU survey
Marine Mucilage Monitoring of the Adriatic Sea With Perturbed Linear Mixing Model.pdf,Marine Mucilage Monitoring of the Adriatic Sea With Perturbed Linear Mixing Model,10.1109/JURSE60372.2025.11076047,related application / not core HU survey
Multi-Excitation Hyperspectral Imaging Toward Improved Lichen Identification.pdf,Multi-Excitation Hyperspectral Imaging Toward Improved Lichen Identification,10.1109/WHISPERS69515.2025.11501622,not HSI/MSI unmixing-focused
Nonlinear Unmixing-Based Mucilage Monitoring in the Adriatic Sea.pdf,Nonlinear Unmixing-Based Mucilage Monitoring in the Adriatic Sea,10.1109/SIU66497.2025.11111876,not HSI/MSI unmixing-focused
PRISM Pruning for Rank-adaptive Interpretable Segmentation Model with Application to Historical Document Multiband Images.pdf,PRISM: Pruning for Rank-adaptive Interpretable Segmentation Model with Application to Historical Document Multiband Images,10.1109/ICCVW69036.2025.00780,related application / not core HU survey
Pixel-Wise Shuffling with Collaborative Sparsity for Melanoma Hyperspectral Image Classification.pdf,Pixel-Wise Shuffling with Collaborative Sparsity for Melanoma Hyperspectral Image Classification,10.1109/WACV61041.2025.00632,related application / not core HU survey
Provable Unregistered Hyperspectral-Multispectral Image Fusion via Spectral Unmixing and Adversarial Learning.pdf,Provable Unregistered Hyperspectral-Multispectral Image Fusion via Spectral Unmixing and Adversarial Learning,10.1109/ICASSP55912.2026.11460454,related application / not core HU survey
Quantum-Inspired Virtual Prism for Multispectral Unmixing.pdf,Quantum-Inspired Virtual Prism for Multispectral Unmixing,10.1109/IGARSS55030.2025.11244014,related application / not core HU survey
SVHAE Spectral Variability-Aware Hybrid Autoencoder for Hyperspectral Underwater Target Detection.pdf,SVHAE: Spectral Variability-Aware Hybrid Autoencoder for Hyperspectral Underwater Target Detection,,related application / not core HU survey
Sparse Regularization-Based Unmixing Methods for Photoacoustic Image Analysis.pdf,Sparse Regularization-Based Unmixing Methods for Photoacoustic Image Analysis,10.1109/ICIPMC62364.2024.10586605,not HSI/MSI unmixing-focused
Sparse Unmixing with Dictionary-Based Spatial-Spectral Low-Rank Decomposition for Hyperspectral Anomaly Detection.pdf,Sparse Unmixing with Dictionary-Based Spatial-Spectral Low-Rank Decomposition for Hyperspectral Anomaly Detection,10.1109/ICVISP68610.2025.11451748,related application / not core HU survey
Specific Spectral Target Detection for Multispectral Images via Target-Focused Spectral Super-Resolution.pdf,Specific Spectral Target Detection for Multispectral Images via Target-Focused Spectral Super-Resolution,10.1109/JSTARS.2025.3547347,related application / not core HU survey
SpectraMorph Structured Latent Learning for Self-Supervised Hyperspectral Super-Resolution.pdf,SpectraMorph: Structured Latent Learning for Self-Supervised Hyperspectral Super-Resolution,10.1109/ICASSP55912.2026.11461602,related application / not core HU survey
Spectral Fidelity Aware Hyperspectral Image Denoising via Unsupervised Triple Attention with Endmember Preservation.pdf,Spectral Fidelity Aware Hyperspectral Image Denoising via Unsupervised Triple Attention with Endmember Preservation,10.1109/WHISPERS69515.2025.11501619,related application / not core HU survey
Spectral Unmixing - Deep Learning for Pixel-wise Classification of Placental Multispectral Images.pdf,Spectral Unmixing + Deep Learning for Pixel-wise Classification of Placental Multispectral Images,10.1109/LA-CCI66231.2025.11270452,related application / not core HU survey
Spectral Unmixing for Bare Soil Detection A Step Toward Soil Organic Carbon Estimation.pdf,Spectral Unmixing for Bare Soil Detection: A Step Toward Soil Organic Carbon Estimation,10.1109/MIGARS67156.2025.11231939,related application / not core HU survey
Spectral Unmixing for Identification of Colorants in Candies Using Hyperspectral Imaging.pdf,Spectral Unmixing for Identification of Colorants in Candies Using Hyperspectral Imaging,10.1109/I5CPS67958.2026.11452578,related application / not core HU survey
SuperRPCA A Collaborative Superpixel Representation Prior-Aided RPCA for Hyperspectral Anomaly Detection.pdf,SuperRPCA: A Collaborative Superpixel Representation Prior-Aided RPCA for Hyperspectral Anomaly Detection,10.1109/TGRS.2024.3459956,not HSI/MSI unmixing-focused
UADNet A Joint Unmixing and Anomaly Detection Network Based on Deep Clustering for Hyperspectral Image.pdf,UADNet: A Joint Unmixing and Anomaly Detection Network Based on Deep Clustering for Hyperspectral Image,10.1109/TGRS.2024.3375934,related application / not core HU survey
Urban Vegetation Mapping with Hyperspectral Prisma Data through an Original NMF-Based Unmixing Algorithm Associated with the Augmented Linear Mixing Model Addressing Spectral Variability.pdf,Urban Vegetation Mapping with Hyperspectral Prisma Data through an Original NMF-Based Unmixing Algorithm Associated with the Augmented Linear Mixing Model Addressing Spectral Variability,10.1109/IGARSS55030.2025.11242884,related application / not core HU survey
Isolating Signals in Passive Non-Line-of-Sight Imaging Using Spectral Content.pdf,Isolating Signals in Passive Non-Line-of-Sight Imaging Using Spectral Content,10.1109/TPAMI.2023.3301336,related application / not core HU survey
MFU-Net A Novel Deep Learning Framework for Unmixing Method for Sentinel-2 Imagery of Invasive Serrated Tussock -Nassella Trichotoma-.pdf,MFU-Net: A Novel Deep Learning Framework for Unmixing Method for Sentinel-2 Imagery of Invasive Serrated Tussock (Nassella Trichotoma),10.1109/IVCNZ67716.2025.11281840,related application / not core HU survey
A 44.3-mW 62.4-fps Hyperspectral Image Processor for Spectral Unmixing in MAV Remote Sensing.pdf,A 44.3-mW 62.4-fps Hyperspectral Image Processor for Spectral Unmixing in MAV Remote Sensing,10.1109/JSSC.2024.3456889,related application / not core HU survey
Bidirectional Recurrent Imputation and Abundance Estimation of LULC Classes With MODIS Multispectral Time-Series and Geo-Topographic and Climatic Data.pdf,Bidirectional Recurrent Imputation and Abundance Estimation of LULC Classes With MODIS Multispectral Time-Series and Geo-Topographic and Climatic Data,10.1109/JSTARS.2024.3359647,related application / not core HU survey
Marine Mucilage Mapping Using a Partial Linear-Quadratic Hyperspectral Unmixing NMF-Based Approach.pdf,Marine Mucilage Mapping Using a Partial Linear-Quadratic Hyperspectral Unmixing NMF-Based Approach,10.1109/IGARSS55030.2025.11243385,related application / not core HU survey
A Promising Contribution of Hyperspectral Unmixing for Overlapped Tissues Segmentation Using Autoencoders.pdf,A Promising Contribution of Hyperspectral Unmixing for Overlapped Tissues Segmentation Using Autoencoders,10.1109/ICABME66883.2025.11210879,related application / not core HU survey
Forward Spectral Mixture Modelling for Mineral Mapping Applications.pdf,Forward Spectral Mixture Modelling for Mineral Mapping Applications,10.1109/InGARSS61818.2024.10984204,related application / not core HU survey
